ply
format ascii 1.0
element vertex 2150
property float x
property float y
property float z
element face 4314
property list uchar int vertex_indices
end_header
-0.093818 -0.004887 0.071876
-0.093829 -0.004727 0.073485
-0.093834 0.004838 0.072096
-0.093823 0.004754 0.073605
-0.092555 -0.008878 0.072179
-0.092547 -0.008878 0.073444
-0.092380 -0.008878 0.074606
-0.092534 -0.007445 0.069204
-0.093130 -0.007810 0.072138
-0.093122 -0.007810 0.073489
-0.092873 -0.007810 0.075029
-0.092489 -0.007810 0.076421
-0.092842 -0.006328 0.069058
-0.093636 -0.006328 0.072103
-0.093627 -0.006328 0.073529
-0.093442 -0.006328 0.074814
-0.093051 -0.006328 0.076319
-0.092445 -0.006204 0.078007
-0.092995 -0.004765 0.068917
-0.093604 -0.004500 0.070517
-0.093607 -0.004939 0.075012
-0.093214 -0.005009 0.076464
-0.092636 -0.004875 0.078002
-0.092271 -0.004500 0.078852
-0.092437 0.004500 0.067896
-0.093019 0.004819 0.068967
-0.093589 0.004500 0.070501
-0.093594 0.004845 0.075086
-0.093150 0.004979 0.076652
-0.092466 0.004916 0.078386
-0.092843 0.006328 0.069059
-0.093636 0.006328 0.072104
-0.093627 0.006328 0.073530
-0.093442 0.006328 0.074814
-0.093051 0.006328 0.076319
-0.092445 0.006204 0.078007
-0.092535 0.007445 0.069205
-0.093130 0.007810 0.072139
-0.093122 0.007810 0.073490
-0.092873 0.007810 0.075029
-0.092489 0.007810 0.076422
-0.092555 0.008878 0.072180
-0.092547 0.008878 0.073445
-0.092380 0.008878 0.074606
-0.090924 -0.010157 0.069966
-0.091212 -0.010434 0.072273
-0.091161 -0.010434 0.073697
-0.091168 -0.010157 0.075205
-0.090886 -0.010157 0.076120
-0.091468 -0.009099 0.069170
-0.092071 -0.009542 0.072213
-0.092015 -0.009542 0.073801
-0.091907 -0.009321 0.075233
-0.091589 -0.009277 0.076352
-0.091167 -0.009099 0.077746
-0.090856 -0.008878 0.078765
-0.091296 -0.007810 0.067556
-0.092234 -0.008174 0.069346
-0.091896 -0.007810 0.077922
-0.091189 -0.007810 0.079364
-0.090873 -0.006328 0.066297
-0.091694 -0.006328 0.067244
-0.092101 -0.006701 0.078492
-0.091635 -0.006328 0.079603
-0.090784 -0.005956 0.081247
-0.091347 -0.004954 0.066513
-0.092172 -0.004859 0.067520
-0.091829 -0.004979 0.079666
-0.091073 -0.004796 0.081000
-0.091214 0.004875 0.066368
-0.092068 0.004887 0.067387
-0.091730 0.004916 0.079853
-0.090828 0.004859 0.081399
-0.090874 0.006328 0.066297
-0.091694 0.006328 0.067244
-0.092101 0.006701 0.078492
-0.091635 0.006328 0.079603
-0.090784 0.005956 0.081247
-0.091297 0.007810 0.067557
-0.092235 0.008174 0.069347
-0.091896 0.007810 0.077922
-0.091189 0.007810 0.079364
-0.091469 0.009099 0.069171
-0.092071 0.009542 0.072214
-0.092015 0.009542 0.073802
-0.091907 0.009321 0.075233
-0.091589 0.009277 0.076352
-0.091167 0.009099 0.077746
-0.090856 0.008878 0.078765
-0.090924 0.010157 0.069967
-0.091212 0.010434 0.072274
-0.091161 0.010434 0.073698
-0.091168 0.010157 0.075206
-0.090886 0.010157 0.076120
-0.089541 -0.011606 0.072390
-0.089499 -0.011606 0.073495
-0.089315 -0.011606 0.074479
-0.089571 -0.010157 0.068013
-0.089788 -0.010526 0.068910
-0.090068 -0.010953 0.070371
-0.090243 -0.011196 0.072341
-0.090197 -0.011196 0.073580
-0.090174 -0.010988 0.075060
-0.090076 -0.010694 0.076476
-0.089822 -0.010434 0.077820
-0.089598 -0.010157 0.078912
-0.089475 -0.008878 0.066464
-0.089994 -0.009277 0.067379
-0.090723 -0.009542 0.068542
-0.090425 -0.009542 0.078542
-0.090294 -0.009210 0.079300
-0.089586 -0.009210 0.080498
-0.090013 -0.007737 0.066134
-0.090393 -0.008174 0.066768
-0.090280 -0.007810 0.080932
-0.089673 -0.007810 0.081868
-0.090195 -0.006328 0.065656
-0.090636 -0.006701 0.081154
-0.089781 -0.006328 0.082600
-0.089511 -0.004859 0.064821
-0.090438 -0.004939 0.065604
-0.090061 -0.004875 0.082554
-0.089272 -0.004500 0.083697
-0.089298 0.005219 0.064676
-0.090329 0.004939 0.065503
-0.089922 0.004954 0.082755
-0.090195 0.006328 0.065656
-0.090636 0.006701 0.081154
-0.089781 0.006328 0.082600
-0.090013 0.007737 0.066134
-0.090393 0.008174 0.066768
-0.090280 0.007810 0.080932
-0.089673 0.007810 0.081868
-0.089476 0.008878 0.066465
-0.089995 0.009277 0.067379
-0.090723 0.009542 0.068542
-0.090425 0.009542 0.078542
-0.090294 0.009210 0.079300
-0.089586 0.009210 0.080498
-0.089571 0.010157 0.068013
-0.089788 0.010526 0.068910
-0.090068 0.010953 0.070371
-0.090243 0.011196 0.072341
-0.090197 0.011196 0.073580
-0.090174 0.010988 0.075060
-0.090076 0.010694 0.076476
-0.089821 0.010434 0.077820
-0.089598 0.010157 0.078913
-0.089454 0.011411 0.070662
-0.089719 0.011509 0.072378
-0.089676 0.011509 0.073517
-0.089464 0.011476 0.074809
-0.088113 -0.011606 0.069355
-0.088582 -0.011772 0.070599
-0.088228 -0.012107 0.072126
-0.088370 -0.012065 0.073581
-0.088557 -0.011870 0.074901
-0.088277 -0.011772 0.076312
-0.088019 -0.011606 0.077664
-0.087908 -0.010157 0.066522
-0.088502 -0.010607 0.067690
-0.088648 -0.011196 0.068927
-0.089104 -0.011196 0.077079
-0.088779 -0.011034 0.078202
-0.088375 -0.010688 0.079742
-0.088078 -0.010434 0.080795
-0.087833 -0.008878 0.065191
-0.088578 -0.009321 0.066142
-0.088994 -0.009210 0.081411
-0.088391 -0.009210 0.082279
-0.087973 -0.008878 0.083258
-0.088431 -0.007688 0.064842
-0.088780 -0.008174 0.065364
-0.089057 -0.007810 0.082755
-0.088266 -0.007688 0.083912
-0.088607 -0.006254 0.064401
-0.088602 -0.006453 0.084167
-0.088268 -0.005956 0.084792
-0.087836 -0.005219 0.063675
-0.088634 -0.004800 0.064175
-0.088798 -0.004859 0.084298
-0.088142 -0.004892 0.085134
-0.087836 0.005219 0.063676
-0.088799 0.004859 0.064294
-0.088966 0.004800 0.084089
-0.088124 0.004808 0.085167
-0.088607 0.006254 0.064401
-0.088602 0.006453 0.084167
-0.088268 0.005956 0.084792
-0.088431 0.007688 0.064842
-0.088780 0.008174 0.065364
-0.089057 0.007810 0.082755
-0.088266 0.007688 0.083912
-0.087833 0.008878 0.065191
-0.088578 0.009321 0.066142
-0.088993 0.009210 0.081411
-0.088391 0.009210 0.082279
-0.087973 0.008878 0.083258
-0.087908 0.010157 0.066522
-0.088502 0.010607 0.067690
-0.088648 0.011196 0.068927
-0.089104 0.011196 0.077079
-0.088779 0.011034 0.078202
-0.088375 0.010688 0.079742
-0.088078 0.010434 0.080795
-0.088168 0.011489 0.069107
-0.088557 0.011731 0.070398
-0.088466 0.012026 0.072199
-0.088613 0.011971 0.073620
-0.088637 0.011841 0.074923
-0.088376 0.011695 0.076477
-0.088175 0.011509 0.077748
-0.086715 -0.011606 0.068105
-0.086993 -0.011880 0.069149
-0.086894 -0.012233 0.070560
-0.086766 -0.012421 0.072015
-0.086844 -0.012422 0.073556
-0.087006 -0.012328 0.074844
-0.086912 -0.012176 0.076593
-0.086919 -0.011938 0.078117
-0.086958 -0.011606 0.079443
-0.086762 -0.010434 0.066100
-0.087068 -0.011034 0.067221
-0.087072 -0.011034 0.080927
-0.087179 -0.010342 0.082237
-0.086533 -0.010157 0.083423
-0.086713 -0.009210 0.064767
-0.087560 -0.009542 0.065592
-0.087585 -0.009542 0.082966
-0.086887 -0.009321 0.084125
-0.086718 -0.008878 0.084850
-0.086887 -0.007445 0.063722
-0.087218 -0.007931 0.064180
-0.087671 -0.008174 0.084321
-0.086842 -0.007810 0.085600
-0.087058 -0.006328 0.063428
-0.087689 -0.006701 0.063910
-0.087555 -0.006328 0.085537
-0.086712 -0.006204 0.086582
-0.087069 -0.004754 0.063199
-0.087701 -0.005219 0.085657
-0.086747 -0.004844 0.086811
-0.087046 0.004716 0.063184
-0.087701 0.005219 0.085657
-0.086754 0.005219 0.086778
-0.087058 0.006328 0.063428
-0.087690 0.006701 0.063910
-0.087555 0.006328 0.085537
-0.086712 0.006204 0.086582
-0.086887 0.007445 0.063722
-0.087219 0.007931 0.064180
-0.087671 0.008174 0.084321
-0.086842 0.007810 0.085600
-0.086713 0.009210 0.064767
-0.087560 0.009542 0.065592
-0.087585 0.009542 0.082966
-0.086887 0.009321 0.084125
-0.086718 0.008878 0.084850
-0.086762 0.010434 0.066100
-0.087069 0.011034 0.067221
-0.087072 0.011034 0.080927
-0.087179 0.010342 0.082237
-0.086533 0.010157 0.083423
-0.086659 0.011476 0.067774
-0.087094 0.011808 0.069014
-0.086976 0.012205 0.070464
-0.086765 0.012418 0.072020
-0.086833 0.012420 0.073577
-0.087238 0.012279 0.074929
-0.086912 0.012176 0.076593
-0.087129 0.011886 0.078002
-0.086956 0.011600 0.079442
-0.086420 0.011411 0.080869
-0.085467 -0.011689 0.067480
-0.085305 -0.012176 0.068914
-0.085626 -0.012424 0.070592
-0.085607 -0.012495 0.071976
-0.085779 -0.012500 0.073377
-0.085764 -0.012472 0.075085
-0.085751 -0.012419 0.076439
-0.085302 -0.012338 0.078093
-0.085504 -0.012065 0.079633
-0.085556 -0.011717 0.081034
-0.084977 -0.011606 0.082195
-0.084899 -0.010157 0.064664
-0.085741 -0.010815 0.066037
-0.085900 -0.011034 0.082512
-0.085276 -0.010694 0.083977
-0.085291 -0.010157 0.084937
-0.085377 -0.008878 0.063741
-0.085154 -0.009542 0.064172
-0.085624 -0.009321 0.085645
-0.085120 -0.008878 0.086711
-0.085642 -0.007810 0.063230
-0.085550 -0.007810 0.087094
-0.084772 -0.005956 0.062138
-0.085875 -0.006328 0.062780
-0.085863 -0.006701 0.087373
-0.085136 -0.006204 0.088348
-0.084944 -0.004859 0.062090
-0.085962 -0.005219 0.062612
-0.085399 -0.005007 0.088312
-0.084832 0.004800 0.062033
-0.085962 0.005219 0.062612
-0.085588 0.004877 0.088114
-0.084773 0.005956 0.062138
-0.085875 0.006328 0.062780
-0.085863 0.006701 0.087373
-0.085136 0.006204 0.088348
-0.085642 0.007810 0.063230
-0.085550 0.007810 0.087094
-0.085377 0.008878 0.063741
-0.085154 0.009542 0.064172
-0.085624 0.009321 0.085645
-0.085120 0.008878 0.086711
-0.084899 0.010157 0.064664
-0.085741 0.010815 0.066037
-0.085900 0.011034 0.082512
-0.085276 0.010694 0.083977
-0.085291 0.010157 0.084937
-0.085177 0.011411 0.066670
-0.085467 0.011689 0.067480
-0.085305 0.012176 0.068914
-0.085590 0.012422 0.070578
-0.085607 0.012495 0.071976
-0.085779 0.012500 0.073377
-0.085673 0.012482 0.074978
-0.085747 0.012415 0.076460
-0.085391 0.012308 0.078239
-0.085504 0.012065 0.079633
-0.085603 0.011688 0.081071
-0.085116 0.011509 0.082305
-0.083987 -0.011606 0.066424
-0.083865 -0.012023 0.067471
-0.083989 -0.012374 0.069102
-0.084227 -0.012473 0.070260
-0.084421 -0.012500 0.076570
-0.084236 -0.012468 0.077948
-0.083872 -0.012411 0.079491
-0.084202 -0.012107 0.081193
-0.084101 -0.011772 0.082701
-0.083781 -0.011606 0.083652
-0.084006 -0.010526 0.064680
-0.083799 -0.011196 0.065547
-0.084317 -0.011196 0.084108
-0.084034 -0.010694 0.085426
-0.083673 -0.010157 0.086761
-0.084170 -0.009210 0.063416
-0.084081 -0.009542 0.087135
-0.083717 -0.008878 0.088238
-0.083489 -0.007445 0.062028
-0.084132 -0.007931 0.062561
-0.084136 -0.007810 0.088634
-0.083624 -0.006328 0.061716
-0.084698 -0.006701 0.062296
-0.083768 -0.006328 0.089751
-0.083704 -0.004800 0.061524
-0.084000 -0.004844 0.089806
-0.083533 0.004859 0.061452
-0.083788 0.004878 0.090026
-0.083625 0.006328 0.061716
-0.084698 0.006701 0.062297
-0.083768 0.006328 0.089751
-0.083489 0.007445 0.062028
-0.084132 0.007931 0.062561
-0.084136 0.007810 0.088634
-0.084171 0.009210 0.063416
-0.084081 0.009542 0.087135
-0.083717 0.008878 0.088238
-0.084006 0.010526 0.064680
-0.083799 0.011196 0.065547
-0.084317 0.011196 0.084108
-0.084034 0.010694 0.085426
-0.083673 0.010157 0.086761
-0.083987 0.011600 0.066426
-0.083865 0.012023 0.067471
-0.084011 0.012348 0.068970
-0.084114 0.012485 0.070368
-0.084421 0.012500 0.076570
-0.084141 0.012481 0.077800
-0.083947 0.012400 0.079473
-0.084202 0.012107 0.081193
-0.084331 0.011704 0.082647
-0.083695 0.011552 0.083885
-0.082551 -0.011717 0.066001
-0.082200 -0.012279 0.067601
-0.082566 -0.012420 0.068591
-0.082440 -0.012500 0.069762
-0.082601 -0.012490 0.079626
-0.082681 -0.012417 0.080955
-0.082606 -0.012223 0.082412
-0.082470 -0.011919 0.084041
-0.082213 -0.011606 0.085420
-0.082780 -0.010157 0.063662
-0.082404 -0.010953 0.064531
-0.083080 -0.011196 0.085516
-0.082471 -0.010873 0.086827
-0.082244 -0.010157 0.088274
-0.082570 -0.009210 0.062711
-0.082642 -0.009542 0.088660
-0.082260 -0.008878 0.089742
-0.082348 -0.007810 0.061731
-0.082669 -0.007810 0.090148
-0.082538 -0.006328 0.061261
-0.082286 -0.006328 0.091245
-0.082440 -0.004859 0.061002
-0.082463 -0.004979 0.091351
-0.082209 0.004832 0.060907
-0.082453 0.005219 0.091346
-0.082538 0.006328 0.061261
-0.082286 0.006328 0.091245
-0.082348 0.007810 0.061731
-0.082669 0.007810 0.090148
-0.082570 0.009210 0.062711
-0.082642 0.009542 0.088660
-0.082260 0.008878 0.089742
-0.082780 0.010157 0.063663
-0.082404 0.010953 0.064531
-0.083079 0.011196 0.085516
-0.082471 0.010873 0.086827
-0.082244 0.010157 0.088274
-0.082133 0.011411 0.065155
-0.082579 0.011688 0.065947
-0.082201 0.012279 0.067601
-0.082813 0.012412 0.068692
-0.082440 0.012500 0.069762
-0.082601 0.012490 0.079626
-0.082691 0.012412 0.080963
-0.082805 0.012172 0.082522
-0.082556 0.011891 0.084056
-0.082333 0.011563 0.085392
-0.081002 -0.011606 0.065068
-0.080961 -0.012023 0.066110
-0.081073 -0.012363 0.067600
-0.081425 -0.012484 0.068860
-0.081531 -0.012468 0.081736
-0.081046 -0.012429 0.082752
-0.081006 -0.012328 0.083639
-0.080923 -0.012023 0.085372
-0.080821 -0.011606 0.086895
-0.081056 -0.010342 0.063180
-0.081049 -0.011034 0.064093
-0.081326 -0.011196 0.087384
-0.080810 -0.010873 0.088541
-0.080796 -0.010157 0.089734
-0.080725 -0.008878 0.061724
-0.081019 -0.009542 0.062350
-0.081185 -0.009542 0.090129
-0.080788 -0.008878 0.091195
-0.080926 -0.007810 0.061184
-0.081188 -0.007810 0.091609
-0.080628 -0.006328 0.060533
-0.081576 -0.006328 0.060885
-0.080792 -0.006328 0.092690
-0.081041 -0.004939 0.060471
-0.080900 -0.004844 0.092870
-0.081125 0.005219 0.060516
-0.081108 0.004895 0.092673
-0.080628 0.006328 0.060533
-0.081577 0.006328 0.060885
-0.080792 0.006328 0.092690
-0.080926 0.007810 0.061184
-0.081188 0.007810 0.091609
-0.080726 0.008878 0.061724
-0.081019 0.009542 0.062350
-0.081185 0.009542 0.090129
-0.080788 0.008878 0.091195
-0.081056 0.010342 0.063180
-0.081049 0.011034 0.064093
-0.081326 0.011196 0.087384
-0.080810 0.010873 0.088541
-0.080796 0.010157 0.089734
-0.081069 0.011509 0.064903
-0.080937 0.011962 0.065933
-0.081110 0.012342 0.067514
-0.081425 0.012484 0.068860
-0.081531 0.012468 0.081736
-0.080977 0.012430 0.082792
-0.081189 0.012279 0.083806
-0.081093 0.011962 0.085416
-0.080941 0.011563 0.086871
-0.079445 -0.011717 0.064731
-0.079724 -0.012065 0.065750
-0.079607 -0.012419 0.067289
-0.079771 -0.012500 0.068533
-0.080025 -0.012500 0.082367
-0.079674 -0.012429 0.084257
-0.079495 -0.012279 0.085610
-0.079597 -0.011938 0.087100
-0.079404 -0.011606 0.088323
-0.078998 -0.010157 0.062208
-0.079469 -0.010694 0.063039
-0.079539 -0.011196 0.089178
-0.079364 -0.010873 0.089963
-0.079331 -0.010157 0.091150
-0.079537 -0.009321 0.061639
-0.079713 -0.009542 0.091552
-0.079301 -0.008878 0.092605
-0.079578 -0.007445 0.060524
-0.079470 -0.008174 0.060838
-0.079694 -0.007810 0.093026
-0.079388 -0.006204 0.060070
-0.079604 -0.006701 0.093683
-0.079154 -0.006204 0.094253
-0.079265 -0.005007 0.059849
-0.079335 -0.004965 0.094320
-0.079050 0.004859 0.059768
-0.079220 0.004878 0.094432
-0.079388 0.006204 0.060070
-0.079603 0.006701 0.093683
-0.079154 0.006204 0.094253
-0.079578 0.007445 0.060524
-0.079470 0.008174 0.060838
-0.079694 0.007810 0.093026
-0.079537 0.009321 0.061639
-0.079713 0.009542 0.091552
-0.079301 0.008878 0.092605
-0.078998 0.010157 0.062208
-0.079469 0.010694 0.063039
-0.079539 0.011196 0.089178
-0.079364 0.010873 0.089963
-0.079331 0.010157 0.091150
-0.079576 0.011648 0.064633
-0.079725 0.012065 0.065750
-0.079603 0.012415 0.067281
-0.079771 0.012500 0.068533
-0.080025 0.012500 0.082367
-0.079699 0.012432 0.084166
-0.079495 0.012279 0.085610
-0.079728 0.011860 0.087230
-0.079382 0.011563 0.088443
-0.077981 -0.011717 0.064214
-0.078045 -0.012308 0.066089
-0.078101 -0.012467 0.067255
-0.078034 -0.012500 0.084492
-0.078138 -0.012446 0.085682
-0.078108 -0.012279 0.087008
-0.077891 -0.012023 0.088433
-0.077967 -0.011606 0.089712
-0.078095 -0.010157 0.061904
-0.078059 -0.011034 0.063008
-0.078087 -0.011196 0.090567
-0.077982 -0.010694 0.091557
-0.077443 -0.010157 0.092903
-0.077510 -0.008878 0.060623
-0.078017 -0.009321 0.061127
-0.078186 -0.009321 0.093194
-0.077353 -0.008878 0.094384
-0.078142 -0.007810 0.060222
-0.078133 -0.007810 0.094456
-0.078135 -0.006453 0.059718
-0.078016 -0.006701 0.095126
-0.077733 -0.005956 0.095611
-0.077729 -0.004800 0.059339
-0.077866 -0.004965 0.095645
-0.077894 0.005219 0.059411
-0.077837 0.005219 0.095655
-0.078135 0.006453 0.059718
-0.078016 0.006701 0.095126
-0.077733 0.005956 0.095611
-0.078142 0.007810 0.060222
-0.078133 0.007810 0.094456
-0.077510 0.008878 0.060623
-0.078017 0.009321 0.061127
-0.078186 0.009321 0.093194
-0.077353 0.008878 0.094384
-0.078095 0.010157 0.061904
-0.078060 0.011034 0.063008
-0.078087 0.011196 0.090567
-0.077982 0.010694 0.091557
-0.077443 0.010157 0.092903
-0.078027 0.011411 0.063598
-0.077908 0.011743 0.064240
-0.078179 0.012279 0.065979
-0.078017 0.012480 0.067397
-0.078034 0.012500 0.084492
-0.077986 0.012468 0.085564
-0.078108 0.012279 0.087009
-0.077938 0.011962 0.088602
-0.077943 0.011563 0.089831
-0.076597 -0.011606 0.063503
-0.076697 -0.012065 0.064693
-0.076340 -0.012409 0.066046
-0.076539 -0.012461 0.086896
-0.076328 -0.012338 0.088339
-0.076561 -0.011919 0.090026
-0.076110 -0.011606 0.091436
-0.076657 -0.010434 0.061768
-0.076368 -0.011196 0.062696
-0.076583 -0.011196 0.091957
-0.076437 -0.010694 0.092966
-0.075811 -0.010221 0.094275
-0.076604 -0.008878 0.060341
-0.076462 -0.009542 0.060805
-0.076446 -0.009414 0.094660
-0.076196 -0.008730 0.095517
-0.076319 -0.007810 0.059654
-0.076691 -0.007550 0.095881
-0.076322 -0.006204 0.059095
-0.076895 -0.006701 0.059390
-0.076795 -0.006047 0.096386
-0.076327 -0.004939 0.058917
-0.076619 -0.004500 0.096768
-0.076561 0.005219 0.059001
-0.076619 0.004500 0.096768
-0.076322 0.006204 0.059095
-0.076895 0.006701 0.059390
-0.076795 0.006047 0.096386
-0.076320 0.007810 0.059654
-0.076691 0.007550 0.095881
-0.076604 0.008878 0.060341
-0.076462 0.009542 0.060805
-0.076446 0.009414 0.094660
-0.076196 0.008730 0.095517
-0.076657 0.010434 0.061768
-0.076368 0.011196 0.062696
-0.076583 0.011196 0.091957
-0.076446 0.010672 0.092992
-0.075806 0.010227 0.094272
-0.076376 0.011476 0.063186
-0.076655 0.012008 0.064524
-0.076411 0.012396 0.066003
-0.076318 0.012483 0.086730
-0.076493 0.012308 0.088395
-0.076575 0.011891 0.090114
-0.076342 0.011562 0.091318
-0.075069 -0.011717 0.063289
-0.075076 -0.012107 0.064317
-0.075138 -0.012429 0.065830
-0.075625 -0.012500 0.067050
-0.075253 -0.012430 0.088601
-0.074597 -0.012335 0.089958
-0.074954 -0.011957 0.091318
-0.074680 -0.011609 0.092290
-0.074878 -0.010434 0.061233
-0.075046 -0.011196 0.062294
-0.074901 -0.010979 0.093315
-0.074272 -0.010157 0.094251
-0.075187 -0.009210 0.060173
-0.075011 -0.007445 0.059096
-0.074919 -0.008174 0.059415
-0.075105 -0.006328 0.058769
-0.075157 -0.005219 0.058587
-0.075518 0.004757 0.058670
-0.075105 0.006328 0.058769
-0.075011 0.007445 0.059096
-0.074919 0.008174 0.059415
-0.075187 0.009210 0.060173
-0.074878 0.010434 0.061233
-0.075046 0.011196 0.062294
-0.074901 0.010979 0.093315
-0.074272 0.010157 0.094251
-0.075086 0.011688 0.063231
-0.075076 0.012107 0.064317
-0.075183 0.012432 0.065886
-0.075625 0.012500 0.067050
-0.075299 0.012432 0.088520
-0.074683 0.012307 0.090080
-0.074931 0.011948 0.091362
-0.075008 0.011547 0.092326
-0.073422 -0.011772 0.062937
-0.073602 -0.012338 0.064819
-0.073455 -0.012469 0.065813
-0.073928 -0.012490 0.088766
-0.074104 -0.012463 0.089327
-0.073601 -0.010157 0.060549
-0.073620 -0.011034 0.061653
-0.073355 -0.009210 0.059655
-0.074227 -0.009542 0.094803
-0.074187 -0.008878 0.095287
-0.073573 -0.007810 0.058865
-0.074141 -0.007810 0.095861
-0.073707 -0.006328 0.058377
-0.074100 -0.006328 0.096366
-0.073799 -0.005219 0.058207
-0.074100 -0.004919 0.096569
-0.073800 0.005219 0.058207
-0.074102 0.004892 0.096571
-0.073707 0.006328 0.058377
-0.074100 0.006328 0.096366
-0.073573 0.007810 0.058866
-0.074141 0.007810 0.095861
-0.073355 0.009210 0.059655
-0.074227 0.009542 0.094803
-0.074187 0.008878 0.095287
-0.073602 0.010157 0.060549
-0.073621 0.011034 0.061653
-0.073165 0.011411 0.062116
-0.073515 0.011723 0.062856
-0.073716 0.012308 0.064691
-0.073198 0.012484 0.065941
-0.073916 0.012491 0.088734
-0.074104 0.012463 0.089327
-0.071716 -0.011606 0.062089
-0.071878 -0.012065 0.063273
-0.071997 -0.012374 0.064591
-0.072275 -0.012468 0.065306
-0.072016 -0.012482 0.088753
-0.072160 -0.012272 0.090241
-0.072014 -0.011785 0.091658
-0.072025 -0.010342 0.060332
-0.072107 -0.011034 0.061237
-0.071867 -0.010953 0.093079
-0.071770 -0.010157 0.094021
-0.072041 -0.008878 0.059048
-0.071916 -0.009542 0.059517
-0.071688 -0.009210 0.094813
-0.071897 -0.007688 0.058357
-0.071604 -0.007810 0.095628
-0.071421 -0.005956 0.057675
-0.072005 -0.006453 0.057949
-0.071552 -0.006328 0.096132
-0.071447 -0.005219 0.057577
-0.072482 -0.004757 0.057828
-0.071583 -0.004859 0.096341
-0.071447 0.005219 0.057577
-0.072521 0.004740 0.057837
-0.071583 0.004859 0.096341
-0.071422 0.005956 0.057675
-0.072005 0.006453 0.057949
-0.071552 0.006328 0.096132
-0.071897 0.007688 0.058357
-0.071604 0.007810 0.095628
-0.072041 0.008878 0.059048
-0.071916 0.009542 0.059517
-0.071688 0.009210 0.094813
-0.072026 0.010342 0.060332
-0.072107 0.011034 0.061237
-0.071867 0.010953 0.093079
-0.071770 0.010157 0.094021
-0.071762 0.011509 0.061917
-0.071942 0.011971 0.063035
-0.072031 0.012348 0.064472
-0.072276 0.012468 0.065306
-0.072037 0.012481 0.088782
-0.072163 0.012279 0.090213
-0.072011 0.011772 0.091686
-0.070365 -0.011606 0.061731
-0.070535 -0.012065 0.062915
-0.070397 -0.012404 0.064299
-0.069977 -0.012500 0.065428
-0.070334 -0.010434 0.059993
-0.070542 -0.011196 0.061051
-0.070479 -0.009099 0.058807
-0.071004 -0.009542 0.059277
-0.070649 -0.007931 0.058146
-0.070484 -0.006328 0.057523
-0.070531 -0.005219 0.057340
-0.070531 0.005219 0.057340
-0.070484 0.006328 0.057523
-0.070649 0.007931 0.058146
-0.070479 0.009099 0.058807
-0.071004 0.009542 0.059277
-0.070335 0.010434 0.059993
-0.070542 0.011196 0.061051
-0.070365 0.011600 0.061734
-0.070662 0.012008 0.062796
-0.070326 0.012396 0.064239
-0.069977 0.012500 0.065428
-0.068928 -0.011772 0.061739
-0.069009 -0.012279 0.063288
-0.069205 -0.012446 0.064287
-0.069188 -0.012484 0.088378
-0.068647 -0.012279 0.089786
-0.068441 -0.011772 0.091253
-0.068899 -0.010688 0.059961
-0.069641 -0.011196 0.060818
-0.068292 -0.011196 0.092311
-0.068796 -0.009210 0.058464
-0.068858 -0.007688 0.057578
-0.069408 -0.008174 0.057944
-0.069119 -0.006328 0.057178
-0.069097 -0.004878 0.056962
-0.069151 -0.004500 0.096079
-0.069206 0.005219 0.057005
-0.069151 0.004500 0.096079
-0.069119 0.006328 0.057178
-0.068858 0.007688 0.057578
-0.069408 0.008174 0.057944
-0.068797 0.009210 0.058464
-0.068900 0.010688 0.059961
-0.069641 0.011196 0.060818
-0.068292 0.011196 0.092311
-0.068973 0.011684 0.061564
-0.069009 0.012279 0.063288
-0.069137 0.012468 0.064467
-0.069188 0.012484 0.088378
-0.068647 0.012279 0.089786
-0.068441 0.011772 0.091253
-0.067316 -0.011717 0.061209
-0.067548 -0.012308 0.063072
-0.067400 -0.012473 0.064262
-0.067139 -0.012441 0.088487
-0.066830 -0.012191 0.089889
-0.067703 -0.010157 0.059012
-0.067475 -0.010953 0.059931
-0.068157 -0.010434 0.093273
-0.067444 -0.009210 0.058127
-0.068004 -0.009210 0.094366
-0.067353 -0.007688 0.057205
-0.067913 -0.008174 0.095013
-0.067867 -0.007445 0.095342
-0.067311 -0.006328 0.056730
-0.067819 -0.006328 0.095679
-0.067315 -0.005219 0.056537
-0.067793 -0.005219 0.095866
-0.067356 0.005219 0.056547
-0.067793 0.005219 0.095866
-0.067311 0.006328 0.056730
-0.067819 0.006328 0.095679
-0.067353 0.007688 0.057205
-0.067913 0.008174 0.095013
-0.067867 0.007445 0.095342
-0.067444 0.009210 0.058127
-0.068004 0.009210 0.094366
-0.067703 0.010157 0.059012
-0.067475 0.010953 0.059931
-0.068157 0.010434 0.093273
-0.067312 0.011411 0.060591
-0.067384 0.011733 0.061257
-0.067673 0.012279 0.062950
-0.067260 0.012485 0.064378
-0.067139 0.012441 0.088487
-0.066830 0.012191 0.089889
-0.065886 -0.011606 0.060606
-0.065951 -0.012023 0.061629
-0.065918 -0.012371 0.063006
-0.065344 -0.012500 0.087395
-0.065335 -0.012468 0.088125
-0.066711 -0.011938 0.090623
-0.066594 -0.011606 0.091343
-0.065712 -0.010342 0.058734
-0.066132 -0.010953 0.059600
-0.066482 -0.011196 0.092037
-0.066327 -0.010434 0.092997
-0.066156 -0.008878 0.057562
-0.066041 -0.009542 0.058034
-0.066150 -0.009210 0.094086
-0.066130 -0.007931 0.057020
-0.066019 -0.007810 0.094895
-0.065964 -0.006328 0.056401
-0.065938 -0.006328 0.095395
-0.066009 -0.005219 0.056217
-0.066293 -0.004859 0.095658
-0.066009 0.005219 0.056217
-0.066311 0.004500 0.056260
-0.066293 0.004859 0.095658
-0.065964 0.006328 0.056401
-0.065938 0.006328 0.095395
-0.066130 0.007931 0.057020
-0.066019 0.007810 0.094895
-0.066156 0.008878 0.057562
-0.066041 0.009542 0.058034
-0.066150 0.009210 0.094086
-0.065712 0.010342 0.058734
-0.066132 0.010953 0.059600
-0.066482 0.011196 0.092037
-0.066327 0.010434 0.092997
-0.065928 0.011509 0.060434
-0.066069 0.011926 0.061405
-0.066024 0.012343 0.062890
-0.065344 0.012500 0.087395
-0.065335 0.012468 0.088125
-0.066711 0.011938 0.090623
-0.066594 0.011606 0.091343
-0.064549 -0.011606 0.060281
-0.064289 -0.012065 0.061351
-0.064557 -0.012430 0.063028
-0.065201 -0.012366 0.088849
-0.064996 -0.012065 0.089948
-0.064795 -0.011606 0.091031
-0.064499 -0.010434 0.058545
-0.064715 -0.011196 0.059598
-0.064667 -0.011196 0.091722
-0.064489 -0.010434 0.092678
-0.064315 -0.009210 0.057365
-0.064332 -0.009542 0.093524
-0.064243 -0.008878 0.094001
-0.064507 -0.007810 0.056569
-0.064138 -0.007810 0.094568
-0.064485 -0.006204 0.056012
-0.065050 -0.006701 0.056269
-0.064046 -0.006328 0.095066
-0.064671 -0.005219 0.055893
-0.064131 -0.004800 0.095293
-0.064671 0.005219 0.055893
-0.064131 0.004800 0.095293
-0.064486 0.006204 0.056012
-0.065051 0.006701 0.056269
-0.064046 0.006328 0.095066
-0.064508 0.007810 0.056569
-0.064138 0.007810 0.094568
-0.064315 0.009210 0.057365
-0.064332 0.009542 0.093524
-0.064243 0.008878 0.094001
-0.064499 0.010434 0.058545
-0.064715 0.011196 0.059598
-0.064667 0.011196 0.091722
-0.064489 0.010434 0.092678
-0.064549 0.011600 0.060283
-0.064290 0.012065 0.061351
-0.064671 0.012432 0.063085
-0.065201 0.012366 0.088849
-0.064996 0.012065 0.089948
-0.064795 0.011606 0.091031
-0.063130 -0.011772 0.060313
-0.062782 -0.012279 0.061752
-0.063134 -0.012428 0.062655
-0.063244 -0.012500 0.086967
-0.063453 -0.012342 0.088505
-0.063069 -0.011772 0.090316
-0.062957 -0.010586 0.058372
-0.063382 -0.011196 0.059274
-0.062778 -0.010953 0.091686
-0.062581 -0.010157 0.092612
-0.062858 -0.009210 0.057012
-0.062416 -0.009210 0.093391
-0.063090 -0.007445 0.056055
-0.063012 -0.008174 0.056377
-0.062280 -0.008174 0.094030
-0.063171 -0.006328 0.055724
-0.063215 -0.005219 0.055540
-0.063215 0.005219 0.055540
-0.063171 0.006328 0.055724
-0.063091 0.007445 0.056055
-0.063012 0.008174 0.056377
-0.062280 0.008174 0.094030
-0.062859 0.009210 0.057012
-0.062416 0.009210 0.093391
-0.062957 0.010586 0.058372
-0.063382 0.011196 0.059274
-0.062778 0.010953 0.091686
-0.062581 0.010157 0.092612
-0.062996 0.011630 0.059983
-0.062782 0.012279 0.061752
-0.063196 0.012430 0.062710
-0.063244 0.012500 0.086967
-0.063453 0.012342 0.088505
-0.063069 0.011772 0.090316
-0.061612 -0.011772 0.059944
-0.061494 -0.012294 0.061535
-0.061440 -0.012491 0.063114
-0.061518 -0.012484 0.086929
-0.061620 -0.012279 0.088469
-0.061273 -0.011772 0.089909
-0.061662 -0.010157 0.057541
-0.061438 -0.010953 0.058461
-0.060944 -0.010953 0.091270
-0.061349 -0.009210 0.056644
-0.061544 -0.007810 0.055849
-0.062211 -0.007445 0.094354
-0.061664 -0.006328 0.055357
-0.062141 -0.006328 0.094687
-0.061796 -0.004877 0.055179
-0.061933 -0.004859 0.094853
-0.061709 0.005219 0.055174
-0.061933 0.004859 0.094853
-0.061664 0.006328 0.055357
-0.062141 0.006328 0.094687
-0.061544 0.007810 0.055849
-0.062211 0.007445 0.094354
-0.061349 0.009210 0.056645
-0.061662 0.010157 0.057541
-0.061438 0.010953 0.058461
-0.060944 0.010953 0.091270
-0.061277 0.011411 0.059122
-0.061612 0.011776 0.059944
-0.061461 0.012250 0.061304
-0.061439 0.012492 0.063123
-0.061518 0.012484 0.086929
-0.061620 0.012279 0.088469
-0.061273 0.011772 0.089909
-0.060185 -0.011606 0.059221
-0.059923 -0.012065 0.060290
-0.060009 -0.012409 0.061750
-0.060494 -0.012468 0.062339
-0.060065 -0.012417 0.087303
-0.059672 -0.012065 0.088736
-0.059381 -0.011606 0.089798
-0.059942 -0.010342 0.057330
-0.060071 -0.011034 0.058240
-0.060722 -0.010157 0.092190
-0.059907 -0.008878 0.056040
-0.059791 -0.009542 0.056511
-0.060535 -0.009210 0.092965
-0.060046 -0.007810 0.055481
-0.060381 -0.008174 0.093599
-0.060303 -0.007445 0.093922
-0.060168 -0.006328 0.054989
-0.060224 -0.006328 0.094253
-0.060213 -0.005219 0.054806
-0.059752 -0.004859 0.094347
-0.060010 0.004500 0.054730
-0.060214 0.005219 0.054806
-0.059752 0.004859 0.094347
-0.060168 0.006328 0.054989
-0.060224 0.006328 0.094253
-0.060046 0.007810 0.055481
-0.060381 0.008174 0.093599
-0.060303 0.007445 0.093922
-0.059908 0.008878 0.056040
-0.059791 0.009542 0.056511
-0.060535 0.009210 0.092965
-0.059942 0.010342 0.057330
-0.060072 0.011034 0.058240
-0.060722 0.010157 0.092190
-0.059908 0.011476 0.058908
-0.059982 0.011971 0.060051
-0.059962 0.012396 0.061673
-0.060494 0.012468 0.062339
-0.060065 0.012417 0.087303
-0.059672 0.012065 0.088736
-0.059381 0.011606 0.089798
-0.058680 -0.011606 0.058848
-0.058413 -0.012065 0.059917
-0.058558 -0.012420 0.061485
-0.059093 -0.012500 0.085893
-0.058355 -0.012417 0.086805
-0.057916 -0.012065 0.088224
-0.058587 -0.010434 0.057099
-0.058350 -0.011196 0.058041
-0.059195 -0.011196 0.090477
-0.058939 -0.010434 0.091414
-0.058216 -0.009099 0.055783
-0.058796 -0.009542 0.056263
-0.058711 -0.009542 0.092245
-0.058583 -0.008878 0.092713
-0.058562 -0.007810 0.055109
-0.058431 -0.007810 0.093268
-0.058529 -0.006204 0.054548
-0.059157 -0.006701 0.054827
-0.058320 -0.006701 0.093672
-0.058274 -0.005956 0.093841
-0.058568 -0.004916 0.054379
-0.058247 -0.005219 0.093939
-0.058778 0.005219 0.054446
-0.058247 0.005219 0.093939
-0.058530 0.006204 0.054548
-0.059157 0.006701 0.054828
-0.058320 0.006701 0.093672
-0.058274 0.005956 0.093841
-0.058562 0.007810 0.055109
-0.058431 0.007810 0.093268
-0.058217 0.009099 0.055783
-0.058797 0.009542 0.056263
-0.058711 0.009542 0.092245
-0.058583 0.008878 0.092713
-0.058587 0.010434 0.057099
-0.058351 0.011196 0.058041
-0.059195 0.011196 0.090477
-0.058939 0.010434 0.091414
-0.058429 0.011601 0.058788
-0.058550 0.012008 0.059799
-0.058559 0.012417 0.061484
-0.059093 0.012500 0.085893
-0.058355 0.012417 0.086805
-0.057916 0.012065 0.088224
-0.057091 -0.011772 0.058825
-0.056725 -0.012279 0.060260
-0.057140 -0.012428 0.061184
-0.056951 -0.012487 0.085515
-0.056425 -0.012279 0.086951
-0.057590 -0.011606 0.089276
-0.056953 -0.010586 0.056884
-0.057355 -0.011196 0.057790
-0.057284 -0.010953 0.090266
-0.057004 -0.010157 0.091170
-0.056884 -0.009210 0.055526
-0.056769 -0.009210 0.091931
-0.057132 -0.007445 0.054572
-0.057048 -0.008174 0.054894
-0.056527 -0.007810 0.092714
-0.056901 -0.006204 0.054130
-0.056377 -0.006328 0.093197
-0.056780 -0.005219 0.053933
-0.056617 -0.004859 0.093485
-0.056792 0.004916 0.053925
-0.056617 0.004859 0.093485
-0.056902 0.006204 0.054130
-0.056377 0.006328 0.093197
-0.057132 0.007445 0.054572
-0.057049 0.008174 0.054894
-0.056527 0.007810 0.092714
-0.056885 0.009210 0.055526
-0.056769 0.009210 0.091931
-0.056954 0.010586 0.056884
-0.057355 0.011196 0.057790
-0.057284 0.010953 0.090266
-0.057004 0.010157 0.091170
-0.056964 0.011630 0.058494
-0.056725 0.012279 0.060260
-0.057212 0.012430 0.061243
-0.056951 0.012487 0.085515
-0.056425 0.012279 0.086951
-0.057590 0.011606 0.089276
-0.055599 -0.011772 0.058438
-0.055450 -0.012294 0.060026
-0.055614 -0.012488 0.061597
-0.055080 -0.012500 0.084500
-0.055007 -0.012417 0.085639
-0.055938 -0.011772 0.088350
-0.055703 -0.010157 0.056039
-0.055461 -0.010953 0.056955
-0.055374 -0.010688 0.089971
-0.055422 -0.009210 0.055139
-0.054905 -0.009210 0.091319
-0.055634 -0.007810 0.054348
-0.055597 -0.006453 0.053844
-0.054980 -0.004740 0.053429
-0.055334 0.005219 0.053548
-0.055598 0.006453 0.053844
-0.055635 0.007810 0.054348
-0.055423 0.009210 0.055139
-0.054905 0.009210 0.091319
-0.055704 0.010157 0.056039
-0.055461 0.010953 0.056955
-0.055374 0.010688 0.089971
-0.055287 0.011411 0.057612
-0.055599 0.011776 0.058438
-0.055422 0.012250 0.059795
-0.055614 0.012488 0.061597
-0.055080 0.012500 0.084500
-0.055007 0.012417 0.085639
-0.055938 0.011772 0.088350
-0.054209 -0.011606 0.057691
-0.053921 -0.012065 0.058754
-0.053969 -0.012409 0.060214
-0.054439 -0.012468 0.060813
-0.053518 -0.012468 0.084629
-0.054468 -0.012065 0.087024
-0.054068 -0.011606 0.088050
-0.054027 -0.010342 0.055798
-0.054126 -0.011034 0.056709
-0.053813 -0.011196 0.088705
-0.053460 -0.010434 0.089611
-0.054038 -0.008878 0.054511
-0.053908 -0.009542 0.054978
-0.053891 -0.007688 0.053813
-0.054636 -0.007810 0.092093
-0.053406 -0.005956 0.053116
-0.054005 -0.006453 0.053407
-0.054469 -0.006328 0.092571
-0.053434 -0.005219 0.053019
-0.054379 -0.005219 0.053286
-0.054488 -0.004800 0.092797
-0.053610 0.004808 0.053051
-0.054380 0.005219 0.053286
-0.054488 0.004800 0.092797
-0.053406 0.005956 0.053116
-0.054005 0.006453 0.053407
-0.054469 0.006328 0.092571
-0.053891 0.007688 0.053813
-0.054636 0.007810 0.092093
-0.054038 0.008878 0.054511
-0.053908 0.009542 0.054978
-0.054028 0.010342 0.055798
-0.054126 0.011034 0.056709
-0.053813 0.011196 0.088705
-0.053460 0.010434 0.089611
-0.053945 0.011476 0.057373
-0.053986 0.011971 0.058517
-0.053925 0.012396 0.060136
-0.054439 0.012468 0.060813
-0.053518 0.012468 0.084629
-0.054468 0.012065 0.087024
-0.054068 0.011606 0.088050
-0.052739 -0.011606 0.057284
-0.052440 -0.012065 0.058344
-0.052539 -0.012417 0.059894
-0.052867 -0.012500 0.061134
-0.052474 -0.012482 0.083798
-0.053077 -0.012279 0.085647
-0.052489 -0.011772 0.087006
-0.052422 -0.010342 0.055344
-0.052445 -0.011196 0.056470
-0.051932 -0.010953 0.088292
-0.052542 -0.009210 0.054336
-0.053148 -0.009542 0.090414
-0.052972 -0.008878 0.090866
-0.052599 -0.007931 0.053557
-0.052763 -0.007810 0.091403
-0.052443 -0.006328 0.052927
-0.052579 -0.006328 0.091875
-0.052497 -0.005219 0.052746
-0.052367 -0.004859 0.092012
-0.052497 0.005219 0.052746
-0.052367 0.004859 0.092012
-0.052444 0.006328 0.052927
-0.052579 0.006328 0.091875
-0.052599 0.007931 0.053558
-0.052763 0.007810 0.091403
-0.052542 0.009210 0.054336
-0.053148 0.009542 0.090414
-0.052972 0.008878 0.090866
-0.052422 0.010342 0.055344
-0.052445 0.011196 0.056470
-0.051932 0.010953 0.088292
-0.052495 0.011601 0.057216
-0.052578 0.012008 0.058229
-0.052543 0.012412 0.059882
-0.052867 0.012500 0.061134
-0.052474 0.012482 0.083798
-0.053077 0.012279 0.085647
-0.052489 0.011772 0.087006
-0.050889 -0.011717 0.056999
-0.050756 -0.012279 0.058633
-0.051143 -0.012429 0.059585
-0.050793 -0.012484 0.082938
-0.051606 -0.012366 0.084567
-0.051124 -0.012065 0.085575
-0.050649 -0.011606 0.086568
-0.050894 -0.010157 0.054677
-0.051095 -0.010953 0.055726
-0.050345 -0.011196 0.087203
-0.051556 -0.010157 0.089160
-0.050841 -0.009099 0.053741
-0.051239 -0.009210 0.089891
-0.050768 -0.007688 0.052887
-0.051318 -0.008174 0.053291
-0.050980 -0.008174 0.090490
-0.050848 -0.007445 0.090795
-0.051056 -0.006328 0.052505
-0.050713 -0.006328 0.091108
-0.051250 -0.004931 0.052354
-0.050638 -0.005219 0.091281
-0.050902 0.004939 0.052246
-0.050638 0.005219 0.091281
-0.051056 0.006328 0.052505
-0.050713 0.006328 0.091108
-0.050768 0.007688 0.052888
-0.051318 0.008174 0.053291
-0.050980 0.008174 0.090490
-0.050848 0.007445 0.090795
-0.050841 0.009099 0.053741
-0.051239 0.009210 0.089891
-0.050894 0.010157 0.054677
-0.051095 0.010953 0.055726
-0.050345 0.011196 0.087203
-0.051556 0.010157 0.089160
-0.050418 0.011411 0.056233
-0.051045 0.011669 0.056946
-0.050756 0.012279 0.058633
-0.051216 0.012432 0.059652
-0.050793 0.012484 0.082938
-0.051606 0.012366 0.084567
-0.051124 0.012065 0.085575
-0.050649 0.011606 0.086568
-0.049374 -0.011919 0.057048
-0.049701 -0.012328 0.058574
-0.049794 -0.012487 0.059941
-0.049066 -0.012482 0.082043
-0.049842 -0.012279 0.084101
-0.049155 -0.011772 0.085413
-0.049270 -0.010342 0.054378
-0.049668 -0.010953 0.055286
-0.049926 -0.010434 0.088080
-0.049351 -0.008878 0.053096
-0.049660 -0.009542 0.053706
-0.049554 -0.009542 0.088857
-0.049345 -0.008878 0.089294
-0.049531 -0.007810 0.052549
-0.049097 -0.007810 0.089814
-0.048824 -0.005956 0.051683
-0.049383 -0.006453 0.051995
-0.048878 -0.006328 0.090271
-0.048857 -0.005219 0.051588
-0.049804 -0.004827 0.051888
-0.048797 -0.005219 0.090441
-0.049949 -0.004500 0.091012
-0.048858 0.005219 0.051588
-0.049750 0.005219 0.051889
-0.048797 0.005219 0.090441
-0.049949 0.004500 0.091012
-0.048825 0.005956 0.051684
-0.049383 0.006453 0.051995
-0.048878 0.006328 0.090271
-0.049532 0.007810 0.052549
-0.049097 0.007810 0.089814
-0.049351 0.008878 0.053096
-0.049661 0.009542 0.053707
-0.049554 0.009542 0.088857
-0.049345 0.008878 0.089294
-0.049271 0.010342 0.054378
-0.049668 0.010953 0.055287
-0.049926 0.010434 0.088080
-0.049463 0.011411 0.055935
-0.049492 0.011873 0.056955
-0.049774 0.012279 0.058338
-0.049794 0.012487 0.059941
-0.049066 0.012482 0.082043
-0.049842 0.012279 0.084101
-0.049155 0.011772 0.085413
-0.047930 -0.011606 0.055806
-0.048057 -0.012065 0.057011
-0.048098 -0.012419 0.058576
-0.047430 -0.012485 0.081003
-0.048454 -0.012366 0.082919
-0.047903 -0.012065 0.083890
-0.047359 -0.011606 0.084848
-0.048004 -0.010434 0.054063
-0.048155 -0.011196 0.055140
-0.048359 -0.010688 0.086933
-0.047914 -0.009210 0.052861
-0.047697 -0.009210 0.088198
-0.048187 -0.007810 0.052089
-0.047394 -0.008174 0.088776
-0.047915 -0.006328 0.051456
-0.048149 -0.004827 0.051320
-0.047721 -0.004500 0.089950
-0.047699 0.004740 0.051156
-0.047721 0.004500 0.089950
-0.047915 0.006328 0.051456
-0.048187 0.007810 0.052089
-0.047394 0.008174 0.088776
-0.047915 0.009210 0.052861
-0.047697 0.009210 0.088198
-0.048005 0.010434 0.054063
-0.048156 0.011196 0.055140
-0.048359 0.010688 0.086933
-0.047858 0.011563 0.055708
-0.048135 0.011971 0.056777
-0.048108 0.012415 0.058572
-0.047430 0.012485 0.081003
-0.048454 0.012366 0.082919
-0.047903 0.012065 0.083890
-0.047359 0.011606 0.084848
-0.046398 -0.011772 0.055660
-0.046545 -0.012211 0.057045
-0.046555 -0.012447 0.058268
-0.047234 -0.012500 0.059449
-0.045817 -0.012468 0.080451
-0.046728 -0.012279 0.082335
-0.045958 -0.011772 0.083599
-0.046296 -0.010157 0.053120
-0.046573 -0.010794 0.054029
-0.046847 -0.010953 0.085749
-0.046380 -0.010157 0.086572
-0.046341 -0.009099 0.052196
-0.045986 -0.009210 0.087264
-0.046362 -0.007688 0.051353
-0.046809 -0.008174 0.051764
-0.047240 -0.007445 0.089070
-0.046657 -0.006328 0.050984
-0.047082 -0.006328 0.089372
-0.046772 -0.004939 0.050813
-0.046994 -0.005219 0.089539
-0.046444 0.004923 0.050684
-0.046994 0.005219 0.089539
-0.046657 0.006328 0.050984
-0.047082 0.006328 0.089372
-0.046362 0.007688 0.051354
-0.046810 0.008174 0.051764
-0.047240 0.007445 0.089070
-0.046341 0.009099 0.052196
-0.045986 0.009210 0.087264
-0.046297 0.010157 0.053120
-0.046573 0.010794 0.054030
-0.046847 0.010953 0.085749
-0.046380 0.010157 0.086572
-0.046460 0.011684 0.055490
-0.046545 0.012211 0.057045
-0.046495 0.012468 0.058441
-0.047234 0.012500 0.059449
-0.045817 0.012468 0.080451
-0.046728 0.012279 0.082335
-0.045958 0.011772 0.083599
-0.044752 -0.011606 0.054648
-0.045138 -0.011828 0.055319
-0.044787 -0.012358 0.057107
-0.045111 -0.012468 0.058146
-0.045735 -0.012500 0.079539
-0.045214 -0.012279 0.081383
-0.044608 -0.011938 0.082320
-0.044871 -0.010342 0.052777
-0.045134 -0.010953 0.053685
-0.045402 -0.011196 0.084511
-0.044896 -0.010434 0.085341
-0.044699 -0.008878 0.051356
-0.045292 -0.009542 0.052129
-0.044448 -0.009542 0.086077
-0.044925 -0.007810 0.050826
-0.045582 -0.007810 0.087977
-0.044785 -0.005956 0.050120
-0.045238 -0.006453 0.050441
-0.045332 -0.006328 0.088417
-0.044849 -0.004939 0.050021
-0.045572 -0.005219 0.050346
-0.045389 -0.004859 0.088684
-0.044536 0.004916 0.049884
-0.045572 0.005219 0.050347
-0.045389 0.004859 0.088684
-0.044785 0.005956 0.050120
-0.045238 0.006453 0.050441
-0.045332 0.006328 0.088417
-0.044926 0.007810 0.050826
-0.045582 0.007810 0.087977
-0.044699 0.008878 0.051356
-0.045292 0.009542 0.052129
-0.044448 0.009542 0.086077
-0.044871 0.010342 0.052777
-0.045135 0.010953 0.053685
-0.045402 0.011196 0.084511
-0.044896 0.010434 0.085341
-0.045119 0.011476 0.054535
-0.045100 0.011809 0.055251
-0.044826 0.012334 0.057006
-0.044865 0.012488 0.058327
-0.045735 0.012500 0.079539
-0.045214 0.012279 0.081383
-0.044608 0.011938 0.082320
-0.043276 -0.011717 0.054298
-0.043734 -0.012107 0.055556
-0.043378 -0.012419 0.056871
-0.043963 -0.012500 0.078340
-0.043316 -0.012421 0.079180
-0.044212 -0.011606 0.082933
-0.043343 -0.010586 0.052445
-0.043787 -0.011196 0.053487
-0.043478 -0.010688 0.084067
-0.043521 -0.009277 0.051151
-0.042834 -0.009542 0.085062
-0.044195 -0.008878 0.086491
-0.043113 -0.007688 0.049937
-0.043784 -0.007931 0.050380
-0.043895 -0.007810 0.086983
-0.043667 -0.006328 0.049702
-0.043632 -0.006328 0.087416
-0.043689 -0.004923 0.049490
-0.043456 -0.004800 0.087552
-0.043317 0.004923 0.049310
-0.043456 0.004800 0.087552
-0.043667 0.006328 0.049702
-0.043632 0.006328 0.087416
-0.043113 0.007688 0.049938
-0.043785 0.007931 0.050380
-0.043895 0.007810 0.086983
-0.043521 0.009277 0.051151
-0.042834 0.009542 0.085062
-0.044195 0.008878 0.086491
-0.043343 0.010586 0.052445
-0.043787 0.011196 0.053488
-0.043478 0.010688 0.084067
-0.043409 0.011648 0.054206
-0.043735 0.012107 0.055557
-0.043387 0.012415 0.056868
-0.043963 0.012500 0.078340
-0.043316 0.012421 0.079180
-0.044212 0.011606 0.082933
-0.041308 -0.011606 0.053121
-0.041885 -0.011856 0.054050
-0.041917 -0.012308 0.055614
-0.041729 -0.012468 0.056738
-0.042215 -0.012500 0.077102
-0.041251 -0.012468 0.077291
-0.042665 -0.012191 0.080118
-0.042032 -0.011772 0.081028
-0.041986 -0.010295 0.051412
-0.042056 -0.010953 0.052334
-0.041422 -0.011196 0.081905
-0.041825 -0.008878 0.049986
-0.042071 -0.009376 0.050524
-0.042570 -0.008878 0.085470
-0.041941 -0.007737 0.049354
-0.042257 -0.007810 0.085954
-0.041489 -0.006328 0.048561
-0.042336 -0.006328 0.049032
-0.041982 -0.006328 0.086379
-0.041697 -0.004939 0.048447
-0.042700 -0.004808 0.048992
-0.041300 -0.004500 0.086197
-0.041880 -0.005219 0.086537
-0.041764 0.004939 0.048487
-0.042712 0.005219 0.049019
-0.041300 0.004500 0.086197
-0.041880 0.005219 0.086537
-0.041489 0.006328 0.048561
-0.042336 0.006328 0.049032
-0.041982 0.006328 0.086379
-0.041941 0.007737 0.049354
-0.042257 0.007810 0.085954
-0.041825 0.008878 0.049987
-0.042072 0.009376 0.050524
-0.042570 0.008878 0.085470
-0.041987 0.010295 0.051412
-0.042056 0.010953 0.052334
-0.041422 0.011196 0.081905
-0.041608 0.011476 0.053004
-0.042019 0.011782 0.053921
-0.042043 0.012279 0.055508
-0.041625 0.012481 0.056868
-0.042215 0.012500 0.077102
-0.041251 0.012468 0.077291
-0.042665 0.012191 0.080118
-0.042032 0.011772 0.081028
-0.040399 -0.011606 0.052650
-0.040518 -0.012065 0.053955
-0.040464 -0.012419 0.055577
-0.040374 -0.012500 0.056753
-0.040598 -0.012279 0.078188
-0.039941 -0.011938 0.079091
-0.039835 -0.010157 0.050044
-0.040413 -0.010586 0.050967
-0.040731 -0.011196 0.052030
-0.040868 -0.010434 0.082704
-0.040397 -0.009144 0.049392
-0.040238 -0.009210 0.083610
-0.040358 -0.007688 0.048397
-0.040873 -0.008174 0.048976
-0.039865 -0.008174 0.084146
-0.040437 -0.006328 0.047905
-0.040462 -0.005000 0.047685
-0.040452 0.004979 0.047679
-0.040437 0.006328 0.047905
-0.040359 0.007688 0.048397
-0.040874 0.008174 0.048977
-0.039865 0.008174 0.084146
-0.040398 0.009144 0.049392
-0.040238 0.009210 0.083610
-0.039835 0.010157 0.050044
-0.040413 0.010586 0.050967
-0.040731 0.011196 0.052030
-0.040868 0.010434 0.082704
-0.040398 0.011600 0.052652
-0.040644 0.012008 0.053853
-0.040462 0.012415 0.055569
-0.040374 0.012500 0.056753
-0.040598 0.012279 0.078188
-0.039941 0.011938 0.079091
-0.038794 -0.011606 0.051731
-0.039152 -0.011855 0.052578
-0.038834 -0.012308 0.054066
-0.039250 -0.012447 0.055327
-0.038886 -0.012485 0.075063
-0.038584 -0.012366 0.076240
-0.039512 -0.011606 0.079681
-0.038819 -0.010434 0.049750
-0.039080 -0.011034 0.050817
-0.039098 -0.011196 0.080249
-0.038527 -0.010434 0.081035
-0.038739 -0.009044 0.048187
-0.039302 -0.009542 0.049037
-0.038565 -0.007445 0.046955
-0.039233 -0.007883 0.047726
-0.039676 -0.007445 0.084419
-0.038928 -0.006254 0.046785
-0.039402 -0.006701 0.047295
-0.039531 -0.006701 0.084626
-0.039431 -0.005956 0.084770
-0.038853 -0.004916 0.046475
-0.039302 -0.004859 0.084823
-0.038809 0.004916 0.046440
-0.039302 0.004859 0.084823
-0.038928 0.006254 0.046786
-0.039403 0.006701 0.047296
-0.039531 0.006701 0.084626
-0.039431 0.005956 0.084770
-0.038565 0.007445 0.046955
-0.039233 0.007883 0.047726
-0.039676 0.007445 0.084419
-0.038739 0.009044 0.048187
-0.039302 0.009542 0.049037
-0.038819 0.010434 0.049750
-0.039080 0.011034 0.050817
-0.039098 0.011196 0.080249
-0.038527 0.010434 0.081035
-0.038716 0.011476 0.051400
-0.039151 0.011771 0.052368
-0.038838 0.012279 0.053898
-0.039179 0.012452 0.055378
-0.038886 0.012485 0.075063
-0.038584 0.012366 0.076240
-0.039512 0.011606 0.079681
-0.037479 -0.011689 0.051079
-0.037532 -0.012172 0.052675
-0.037508 -0.012429 0.054034
-0.037768 -0.012500 0.055395
-0.036813 -0.012468 0.073995
-0.038138 -0.012191 0.076838
-0.037476 -0.011772 0.077726
-0.037211 -0.010342 0.048412
-0.037516 -0.010794 0.049365
-0.037983 -0.011196 0.050357
-0.036838 -0.011196 0.078583
-0.037217 -0.008878 0.046744
-0.037628 -0.009376 0.047607
-0.038020 -0.009542 0.081732
-0.037734 -0.008878 0.082124
-0.037003 -0.007445 0.045446
-0.037588 -0.007931 0.046367
-0.037395 -0.007810 0.082590
-0.037289 -0.006204 0.045201
-0.038012 -0.006453 0.046047
-0.037097 -0.006328 0.083000
-0.037339 -0.004868 0.044984
-0.036986 -0.005219 0.083152
-0.036756 -0.001671 0.044236
-0.037257 -0.001234 0.044876
-0.037796 -0.000108 0.045482
-0.037264 0.001209 0.044879
-0.037456 0.004905 0.045124
-0.036986 0.005219 0.083152
-0.037290 0.006204 0.045201
-0.038012 0.006453 0.046048
-0.037097 0.006328 0.083000
-0.037004 0.007445 0.045446
-0.037588 0.007931 0.046368
-0.037395 0.007810 0.082590
-0.037217 0.008878 0.046744
-0.037628 0.009376 0.047607
-0.038020 0.009542 0.081732
-0.037734 0.008878 0.082124
-0.037211 0.010342 0.048412
-0.037516 0.010794 0.049365
-0.037983 0.011196 0.050358
-0.036838 0.011196 0.078583
-0.037211 0.011411 0.050228
-0.037479 0.011689 0.051080
-0.037533 0.012172 0.052675
-0.037583 0.012432 0.054147
-0.037768 0.012500 0.055395
-0.036813 0.012468 0.073995
-0.038138 0.012191 0.076838
-0.037476 0.011772 0.077726
-0.035774 -0.011689 0.049757
-0.036041 -0.012065 0.051165
-0.036051 -0.012355 0.052565
-0.036015 -0.012485 0.053892
-0.036148 -0.012279 0.074883
-0.035479 -0.011938 0.075776
-0.035664 -0.010157 0.046620
-0.035963 -0.010691 0.047846
-0.036346 -0.011196 0.049089
-0.036258 -0.010434 0.079362
-0.035737 -0.009011 0.045195
-0.036363 -0.009376 0.046384
-0.035743 -0.009542 0.080053
-0.035453 -0.008878 0.080442
-0.035610 -0.007688 0.043658
-0.036306 -0.007883 0.044899
-0.035479 -0.006204 0.042240
-0.036043 -0.006328 0.043501
-0.036577 -0.006701 0.044510
-0.035262 -0.005219 0.040928
-0.035575 -0.004915 0.041966
-0.036291 -0.005010 0.043545
-0.035293 -0.001173 0.040914
-0.035582 -0.001839 0.041953
-0.036219 -0.001925 0.043370
-0.035302 0.001214 0.040955
-0.035613 0.001910 0.042041
-0.036272 0.001901 0.043457
-0.035412 0.002791 0.041426
-0.035323 0.004800 0.041112
-0.035580 0.005044 0.042011
-0.036315 0.004851 0.043549
-0.035479 0.006204 0.042240
-0.036043 0.006328 0.043501
-0.036577 0.006701 0.044511
-0.035610 0.007688 0.043659
-0.036307 0.007883 0.044899
-0.035737 0.009011 0.045196
-0.036364 0.009376 0.046385
-0.035743 0.009542 0.080053
-0.035453 0.008878 0.080442
-0.035664 0.010157 0.046620
-0.035963 0.010691 0.047846
-0.036346 0.011196 0.049090
-0.036258 0.010434 0.079362
-0.035891 0.011596 0.049622
-0.036074 0.012008 0.051004
-0.036238 0.012308 0.052394
-0.036015 0.012485 0.053892
-0.036148 0.012279 0.074883
-0.035479 0.011938 0.075776
-0.034268 -0.011689 0.048300
-0.034351 -0.012065 0.049707
-0.034353 -0.012338 0.051101
-0.034624 -0.012449 0.052323
-0.035041 -0.011606 0.076360
-0.033935 -0.010157 0.044089
-0.034326 -0.010295 0.045080
-0.034592 -0.010780 0.046470
-0.034915 -0.011196 0.047706
-0.034620 -0.011196 0.076923
-0.034037 -0.010434 0.077701
-0.033993 -0.008794 0.037505
-0.033829 -0.008878 0.039046
-0.033921 -0.008878 0.040545
-0.034070 -0.009144 0.042158
-0.034560 -0.009210 0.043527
-0.035068 -0.009542 0.044933
-0.034589 -0.007571 0.037677
-0.034405 -0.007810 0.039054
-0.034492 -0.007810 0.040469
-0.034847 -0.007810 0.042043
-0.035139 -0.008174 0.043248
-0.035109 -0.007810 0.080904
-0.035032 -0.006088 0.037846
-0.034923 -0.006321 0.038851
-0.034993 -0.006328 0.040402
-0.035167 -0.006453 0.041471
-0.034806 -0.006328 0.081311
-0.035193 -0.004678 0.037740
-0.035115 -0.005010 0.038941
-0.035173 -0.004883 0.040250
-0.034694 -0.005219 0.081462
-0.035176 -0.004500 0.081861
-0.035228 0.000021 0.040551
-0.035198 0.003361 0.040343
-0.035191 0.004776 0.037758
-0.035122 0.004845 0.039017
-0.035178 0.004942 0.040304
-0.034694 0.005219 0.081462
-0.035176 0.004500 0.081861
-0.035013 0.006204 0.037786
-0.034920 0.006328 0.038863
-0.034993 0.006328 0.040402
-0.035167 0.006453 0.041471
-0.034806 0.006328 0.081311
-0.034543 0.007700 0.037653
-0.034405 0.007810 0.039054
-0.034492 0.007810 0.040469
-0.034847 0.007810 0.042043
-0.035139 0.008174 0.043248
-0.035109 0.007810 0.080904
-0.033943 0.008868 0.037540
-0.033829 0.008878 0.039046
-0.033921 0.008878 0.040545
-0.034070 0.009144 0.042158
-0.034560 0.009210 0.043527
-0.035069 0.009542 0.044933
-0.033935 0.010157 0.044089
-0.034326 0.010295 0.045080
-0.034593 0.010780 0.046470
-0.034916 0.011196 0.047706
-0.034620 0.011196 0.076923
-0.034037 0.010434 0.077701
-0.033813 0.011411 0.046932
-0.034401 0.011596 0.048180
-0.034523 0.011971 0.049530
-0.034406 0.012308 0.050941
-0.034585 0.012453 0.052370
-0.035041 0.011606 0.076360
-0.032433 -0.011606 0.045486
-0.032992 -0.011689 0.046708
-0.032881 -0.012065 0.048099
-0.032821 -0.012343 0.049624
-0.033183 -0.012446 0.050890
-0.032982 -0.012500 0.051956
-0.032914 -0.012482 0.070717
-0.032692 -0.010344 0.037472
-0.032790 -0.010157 0.039032
-0.032720 -0.010295 0.040590
-0.032811 -0.010434 0.041924
-0.033062 -0.010624 0.043479
-0.033244 -0.011002 0.044934
-0.033713 -0.011196 0.046206
-0.033415 -0.009542 0.037868
-0.033344 -0.009542 0.039040
-0.033408 -0.009542 0.040388
-0.033590 -0.009542 0.041496
-0.033520 -0.009542 0.078390
-0.033230 -0.008878 0.078779
-0.032884 -0.007810 0.079240
-0.032580 -0.006328 0.079645
-0.032467 -0.005219 0.079796
-0.032467 0.005219 0.079796
-0.032580 0.006328 0.079645
-0.032884 0.007810 0.079240
-0.033415 0.009542 0.037868
-0.033344 0.009542 0.039040
-0.033408 0.009542 0.040388
-0.033590 0.009542 0.041496
-0.033520 0.009542 0.078390
-0.033230 0.008878 0.078779
-0.032691 0.010345 0.037472
-0.032790 0.010157 0.039032
-0.032720 0.010295 0.040590
-0.032811 0.010434 0.041924
-0.033062 0.010624 0.043479
-0.033244 0.011002 0.044934
-0.033713 0.011196 0.046206
-0.032553 0.011476 0.045207
-0.032971 0.011643 0.046520
-0.033074 0.011971 0.047945
-0.032904 0.012323 0.049548
-0.033036 0.012468 0.051014
-0.032982 0.012500 0.051956
-0.033002 0.012484 0.070717
-0.030909 -0.011651 0.036724
-0.030894 -0.011606 0.037592
-0.030809 -0.011606 0.039004
-0.030889 -0.011606 0.040669
-0.031116 -0.011606 0.042053
-0.031273 -0.011739 0.043626
-0.031541 -0.011856 0.045036
-0.031500 -0.012125 0.046510
-0.031498 -0.012355 0.048125
-0.031577 -0.012467 0.049576
-0.031927 -0.012500 0.050921
-0.031013 -0.012500 0.068836
-0.031516 -0.012165 0.071912
-0.031743 -0.011174 0.036703
-0.031756 -0.011069 0.037772
-0.031844 -0.010953 0.039019
-0.031840 -0.011002 0.040463
-0.031869 -0.011196 0.042159
-0.032167 -0.011196 0.043189
-0.031168 -0.004500 0.078865
-0.031168 0.004500 0.078865
-0.031743 0.011174 0.036703
-0.031756 0.011069 0.037772
-0.031844 0.010953 0.039019
-0.031840 0.011002 0.040463
-0.031869 0.011196 0.042159
-0.032167 0.011196 0.043189
-0.030907 0.011652 0.036724
-0.031075 0.011506 0.037621
-0.030987 0.011509 0.039007
-0.031066 0.011509 0.040650
-0.031197 0.011563 0.042095
-0.031401 0.011661 0.043512
-0.031722 0.011782 0.044993
-0.031501 0.012125 0.046510
-0.031669 0.012308 0.047940
-0.031479 0.012477 0.049637
-0.031927 0.012500 0.050921
-0.031013 0.012500 0.068836
-0.031516 0.012165 0.071912
-0.029839 -0.012056 0.037395
-0.029708 -0.012065 0.038989
-0.029759 -0.012065 0.040491
-0.029983 -0.012065 0.041994
-0.030016 -0.012172 0.043610
-0.029884 -0.012328 0.045027
-0.030020 -0.012419 0.046435
-0.030159 -0.012472 0.047852
-0.030648 -0.011606 0.073103
-0.030038 -0.010953 0.073940
-0.029481 -0.010157 0.074705
-0.030038 0.010953 0.073940
-0.029481 0.010157 0.074705
-0.030043 0.011976 0.037441
-0.029954 0.011971 0.038992
-0.030005 0.011971 0.040469
-0.030149 0.011994 0.041886
-0.030016 0.012172 0.043610
-0.030112 0.012279 0.044931
-0.030023 0.012415 0.046428
-0.030050 0.012485 0.047963
-0.030648 0.011606 0.073103
-0.028436 -0.012399 0.037367
-0.028230 -0.012419 0.038968
-0.028291 -0.012419 0.040633
-0.028469 -0.012419 0.041962
-0.028770 -0.012419 0.043293
-0.028763 -0.012467 0.044796
-0.028606 -0.012500 0.046057
-0.028164 -0.012485 0.067240
-0.029012 -0.009210 0.075349
-0.028529 -0.007810 0.076011
-0.028231 -0.006328 0.076420
-0.027860 -0.004633 0.037259
-0.028120 -0.005219 0.076573
-0.027795 -0.001000 0.038348
-0.027865 0.000000 0.038135
-0.027795 0.001000 0.038348
-0.027860 0.004633 0.037259
-0.028120 0.005219 0.076573
-0.028231 0.006328 0.076420
-0.028529 0.007810 0.076011
-0.029012 0.009210 0.075349
-0.028416 0.012401 0.037338
-0.028234 0.012416 0.038968
-0.028297 0.012415 0.040638
-0.028476 0.012415 0.041966
-0.028778 0.012415 0.043297
-0.028687 0.012477 0.044934
-0.028606 0.012500 0.046057
-0.028160 0.012485 0.067244
-0.027217 -0.012500 0.037408
-0.027128 -0.012500 0.038887
-0.027165 -0.012500 0.040358
-0.027329 -0.012500 0.041819
-0.027626 -0.012500 0.043272
-0.027486 -0.012366 0.068144
-0.026854 -0.012065 0.069065
-0.027105 -0.004633 0.037848
-0.027136 -0.004500 0.075900
-0.027500 -0.001300 0.039258
-0.027122 -0.001339 0.040420
-0.026774 -0.001207 0.041492
-0.026896 0.000000 0.038802
-0.026943 0.000009 0.040973
-0.026656 -0.000023 0.041855
-0.027494 0.001297 0.039275
-0.027122 0.001349 0.040421
-0.026770 0.001191 0.041503
-0.027124 0.004633 0.037814
-0.027136 0.004500 0.075900
-0.027217 0.012500 0.037408
-0.027128 0.012500 0.038887
-0.027165 0.012500 0.040358
-0.027329 0.012500 0.041819
-0.027626 0.012500 0.043272
-0.027486 0.012366 0.068144
-0.026854 0.012065 0.069065
-0.025887 -0.012500 0.037670
-0.024819 -0.012500 0.064616
-0.025403 -0.012412 0.066337
-0.024808 -0.012191 0.067239
-0.026231 -0.011606 0.069973
-0.025645 -0.010953 0.070827
-0.025109 -0.010157 0.071608
-0.024796 -0.009542 0.072065
-0.025705 -0.004633 0.037694
-0.025618 -0.001003 0.039278
-0.024880 -0.000854 0.039943
-0.025618 0.001003 0.039278
-0.024880 0.000854 0.039943
-0.025335 0.004633 0.037755
-0.024796 0.009542 0.072065
-0.025645 0.010953 0.070827
-0.025109 0.010157 0.071608
-0.025887 0.012500 0.037670
-0.024819 0.012500 0.064616
-0.025422 0.012417 0.066309
-0.024808 0.012191 0.067239
-0.026231 0.011606 0.069973
-0.024544 -0.012500 0.037854
-0.023323 -0.012468 0.064510
-0.024398 -0.011938 0.067859
-0.023995 -0.011606 0.068468
-0.023607 -0.011196 0.069054
-0.024521 -0.008878 0.072465
-0.024195 -0.007810 0.072940
-0.023909 -0.006328 0.073358
-0.023802 -0.005219 0.073514
-0.024595 0.000000 0.040199
-0.023431 0.004633 0.037950
-0.023802 0.005219 0.073514
-0.023909 0.006328 0.073358
-0.024195 0.007810 0.072940
-0.024521 0.008878 0.072465
-0.023607 0.011196 0.069054
-0.024544 0.012500 0.037854
-0.023323 0.012468 0.064510
-0.024398 0.011938 0.067859
-0.023995 0.011606 0.068468
-0.022453 -0.012500 0.037983
-0.022928 -0.012366 0.065132
-0.022329 -0.012065 0.066075
-0.023241 -0.010711 0.069609
-0.022902 -0.010157 0.070121
-0.022463 -0.009210 0.070786
-0.022011 -0.007810 0.071469
-0.022873 -0.005862 0.041750
-0.021780 -0.006701 0.071818
-0.022350 -0.004640 0.037987
-0.023036 -0.004500 0.073031
-0.022217 0.004648 0.037993
-0.023036 0.004500 0.073031
-0.022873 0.006000 0.041750
-0.021780 0.006701 0.071818
-0.022011 0.007810 0.071469
-0.022463 0.009210 0.070786
-0.023241 0.010711 0.069609
-0.022902 0.010157 0.070121
-0.022567 0.012500 0.037980
-0.022928 0.012366 0.065132
-0.022329 0.012065 0.066075
-0.020959 -0.012449 0.062957
-0.021738 -0.011606 0.067005
-0.021183 -0.010953 0.067879
-0.020675 -0.010157 0.068678
-0.020378 -0.009542 0.069146
-0.021683 -0.005956 0.071965
-0.021628 -0.005219 0.072049
-0.021628 0.005219 0.072049
-0.021683 0.005956 0.071965
-0.020378 0.009542 0.069146
-0.021183 0.010953 0.067879
-0.020675 0.010157 0.068678
-0.020970 0.012452 0.062926
-0.021738 0.011606 0.067005
-0.020031 -0.012065 0.064645
-0.019458 -0.011606 0.065585
-0.019092 -0.011196 0.066186
-0.020118 -0.008878 0.069555
-0.019809 -0.007810 0.070042
-0.019537 -0.006328 0.070469
-0.019094 -0.004800 0.070435
-0.019094 0.004800 0.070435
-0.019537 0.006328 0.070469
-0.019809 0.007810 0.070042
-0.020118 0.008878 0.069555
-0.019092 0.011196 0.066186
-0.020031 0.012065 0.064645
-0.019458 0.011606 0.065585
-0.017506 -0.012500 0.060173
-0.018642 -0.012468 0.061657
-0.017895 -0.012165 0.062937
-0.018586 -0.010434 0.067016
-0.018011 -0.009210 0.067958
-0.017585 -0.007810 0.068658
-0.017322 -0.006328 0.069090
-0.017322 0.006328 0.069090
-0.017585 0.007810 0.068658
-0.018011 0.009210 0.067958
-0.018586 0.010434 0.067016
-0.017506 0.012500 0.060173
-0.018642 0.012468 0.061657
-0.017895 0.012165 0.062937
-0.016263 -0.012468 0.060296
-0.015903 -0.012366 0.060940
-0.017152 -0.011606 0.064209
-0.016797 -0.011196 0.064816
-0.016307 -0.010434 0.065656
-0.015872 -0.009542 0.066399
-0.017223 -0.005219 0.069251
-0.017223 0.005219 0.069251
-0.015872 0.009542 0.066399
-0.016797 0.011196 0.064816
-0.016307 0.010434 0.065656
-0.016263 0.012468 0.060296
-0.015903 0.012366 0.060940
-0.017152 0.011606 0.064209
-0.015357 -0.012065 0.061915
-0.014819 -0.011606 0.062876
-0.014476 -0.011196 0.063489
-0.015628 -0.008878 0.066818
-0.015337 -0.007810 0.067316
-0.015081 -0.006328 0.067753
-0.014746 -0.004800 0.067798
-0.014746 0.004800 0.067798
-0.015081 0.006328 0.067753
-0.015337 0.007810 0.067316
-0.015628 0.008878 0.066818
-0.014476 0.011196 0.063489
-0.015357 0.012065 0.061915
-0.014819 0.011606 0.062876
-0.013754 -0.012500 0.038000
-0.013593 -0.012485 0.058392
-0.013319 -0.012272 0.059982
-0.012805 -0.011938 0.060940
-0.014001 -0.010434 0.064337
-0.013581 -0.009542 0.065089
-0.013344 -0.008878 0.065512
-0.013062 -0.007810 0.066015
-0.012815 -0.006328 0.066457
-0.012815 0.006328 0.066457
-0.013062 0.007810 0.066015
-0.013581 0.009542 0.065089
-0.013344 0.008878 0.065512
-0.014001 0.010434 0.064337
-0.013754 0.012500 0.038000
-0.013582 0.012486 0.058368
-0.013319 0.012272 0.059982
-0.012805 0.011938 0.060940
-0.011982 -0.012282 0.038000
-0.012280 -0.012363 0.058997
-0.011562 -0.012194 0.059432
-0.012461 -0.011606 0.061584
-0.012128 -0.011196 0.062203
-0.011669 -0.010434 0.063060
-0.011262 -0.009542 0.063819
-0.012723 -0.005219 0.066622
-0.012723 0.005219 0.066622
-0.011262 0.009542 0.063819
-0.012128 0.011196 0.062203
-0.011669 0.010434 0.063060
-0.011986 0.012283 0.038000
-0.012280 0.012363 0.058997
-0.011562 0.012194 0.059432
-0.012461 0.011606 0.061584
-0.010494 -0.011806 0.038000
-0.010518 -0.011806 0.060067
-0.009754 -0.011196 0.060957
-0.011033 -0.008878 0.064247
-0.010761 -0.007810 0.064754
-0.010563 -0.006701 0.065124
-0.010480 -0.005956 0.065278
-0.010301 -0.004800 0.065319
-0.010301 0.004800 0.065319
-0.010563 0.006701 0.065124
-0.010480 0.005956 0.065278
-0.010761 0.007810 0.064754
-0.011033 0.008878 0.064247
-0.009754 0.011196 0.060957
-0.010500 0.011808 0.038000
-0.010518 0.011806 0.060067
-0.009507 -0.011279 0.038000
-0.009518 -0.011286 0.060678
-0.008603 -0.010621 0.038000
-0.008953 -0.010518 0.061532
-0.008806 -0.009210 0.062804
-0.008431 -0.007810 0.063532
-0.008431 0.007810 0.063532
-0.008806 0.009210 0.062804
-0.008611 0.010628 0.038000
-0.008953 0.010518 0.061532
-0.009514 0.011284 0.038000
-0.009518 0.011286 0.060678
-0.007800 -0.009843 0.038000
-0.007755 -0.009792 0.061761
-0.007113 -0.008960 0.038000
-0.007260 -0.009172 0.062066
-0.006824 -0.008496 0.062336
-0.006898 -0.005370 0.040203
-0.006930 -0.005792 0.041752
-0.008200 -0.006328 0.063983
-0.006841 -0.004644 0.038000
-0.006761 -0.004713 0.041750
-0.008114 -0.005219 0.064151
-0.006840 0.004651 0.038000
-0.006762 0.004715 0.041750
-0.008114 0.005219 0.064151
-0.006929 0.005457 0.040214
-0.006968 0.005920 0.041751
-0.008200 0.006328 0.063983
-0.007121 0.008972 0.038000
-0.007260 0.009172 0.062066
-0.006824 0.008496 0.062336
-0.007808 0.009852 0.038000
-0.007755 0.009792 0.061761
-0.006348 -0.007471 0.038000
-0.006081 -0.006763 0.040415
-0.006325 -0.007361 0.042571
-0.006302 -0.007379 0.062660
-0.005871 -0.005645 0.038000
-0.006241 -0.005966 0.040461
-0.006232 -0.006028 0.042168
-0.005866 -0.005765 0.062930
-0.006252 -0.004909 0.038000
-0.006010 -0.004500 0.042241
-0.005754 -0.004500 0.063000
-0.006095 0.000000 0.042090
-0.006235 0.004931 0.038000
-0.006628 0.005188 0.039334
-0.006058 0.004500 0.042181
-0.005754 0.004500 0.063000
-0.005874 0.005664 0.038000
-0.006108 0.005641 0.039214
-0.006287 0.006076 0.040555
-0.006304 0.006074 0.042011
-0.005866 0.005765 0.062930
-0.006354 0.007488 0.038000
-0.006118 0.006883 0.040423
-0.006294 0.007211 0.042352
-0.006302 0.007379 0.062660
3 602 604 554
3 554 604 507
3 554 507 505
3 505 507 455
3 455 507 457
3 455 457 406
3 406 457 359
3 406 359 357
3 357 359 304
3 357 304 301
3 301 304 241
3 241 304 185
3 241 185 181
3 181 185 180
3 180 185 184
3 180 184 122
3 122 184 125
3 122 125 121
3 121 125 72
3 121 72 68
3 68 72 71
3 68 71 67
3 67 71 29
3 67 29 23
3 23 29 22
3 22 29 28
3 22 28 21
3 21 28 27
3 21 27 20
3 20 27 1
3 1 27 3
3 1 3 2
3 1 2 0
3 0 2 26
3 0 26 19
3 19 26 18
3 18 26 25
3 18 25 24
3 18 24 66
3 66 24 70
3 66 70 65
3 65 70 69
3 65 69 120
3 120 69 124
3 120 124 119
3 119 124 183
3 119 183 179
3 179 183 242
3 179 242 239
3 239 242 299
3 299 242 302
3 299 302 356
3 356 302 358
3 356 358 405
3 405 358 407
3 405 407 454
3 454 407 506
3 454 506 504
3 504 506 553
3 553 506 643
3 553 643 601
3 601 643 713
3 713 643 716
3 713 716 772
3 772 716 845
3 772 845 953
3 953 845 992
3 953 992 1033
3 1033 992 1076
3 1033 1076 1108
3 1108 1076 1145
3 1108 1145 1223
3 1223 1145 1225
3 1223 1225 1266
3 1266 1225 1309
3 1266 1309 1307
3 1307 1309 1344
3 1344 1309 1346
3 1344 1346 1385
3 1385 1346 1388
3 1385 1388 1427
3 1427 1388 1429
3 1427 1429 1468
3 1468 1429 1471
3 1468 1471 1467
3 1467 1471 1511
3 1467 1511 1510
3 1510 1511 1548
3 1548 1511 1550
3 1548 1550 1597
3 1597 1550 1599
3 1597 1599 1598
3 1598 1599 1654
3 1598 1654 1650
3 1650 1654 1649
3 1649 1653 1651
3 1649 1651 1648
3 1648 1651 1652
3 1648 1652 1711
3 1654 1653 1649
3 1653 1652 1651
3 1710 1708 1711
3 1711 1708 1707
3 1711 1707 1648
3 1710 1703 1704
3 1709 1702 1710
3 1710 1702 1703
3 1643 1645 1704
3 1704 1645 1707
3 1643 1646 1645
3 1644 1647 1643
3 1643 1647 1646
3 1593 1647 1644
3 1593 1596 1595
3 1593 1595 1647
3 1548 1597 1593
3 1707 1708 1704
3 1597 1596 1593
3 1704 1708 1710
3 2111 2125 1958
3 1958 2125 2105
3 2111 2133 2129
3 2111 2129 2125
3 2105 2103 1958
3 1958 2103 2093
3 1958 2093 2041
3 2041 2093 2091
3 2041 2091 2075
3 2075 2059 2041
3 2041 1949 1958
3 1887 1915 1880
3 1880 1915 1907
3 1907 1915 1929
3 1929 1915 1958
3 1929 1958 1949
3 2140 2083 2135
3 2135 2083 2082
3 2082 2083 2034
3 2082 2034 2033
3 2033 2034 1992
3 2033 1992 1991
3 1991 1992 1961
3 1991 1961 1959
3 1959 1961 1899
3 1959 1899 1888
3 1888 1899 1809
3 1888 1809 1808
3 1808 1809 1713
3 1808 1713 1706
3 1706 1713 1551
3 1706 1551 1549
3 1549 1551 1473
3 1549 1473 1469
3 1469 1473 1430
3 1469 1430 1428
3 1428 1430 1390
3 1428 1390 1387
3 1387 1390 1310
3 1387 1310 1308
3 1308 1310 1272
3 1308 1272 1268
3 1268 1272 1186
3 1268 1186 1184
3 1184 1186 1147
3 1184 1147 1144
3 1144 1147 1077
3 1144 1077 1075
3 1075 1077 994
3 1075 994 991
3 991 994 956
3 991 956 954
3 954 956 886
3 954 886 884
3 884 886 846
3 884 846 843
3 843 846 775
3 843 775 773
3 773 775 717
3 773 717 714
3 714 717 677
3 714 677 675
3 675 677 604
3 675 604 602
3 861 822 862
3 861 862 937
3 1056 1011 1094
3 1056 1094 1123
3 1123 1094 1116
3 1123 1116 1157
3 1157 1116 1158
3 1157 1158 1196
3 1196 1158 1238
3 1196 1238 1284
3 1284 1238 1280
3 1284 1280 1315
3 1354 1315 1395
3 1354 1395 1435
3 1479 1435 1477
3 1479 1477 1554
3 1554 1477 1555
3 1554 1555 1603
3 1603 1555 1600
3 1603 1600 1712
3 1712 1600 1713
3 1712 1713 1809
3 691 692 734
3 734 692 735
3 734 735 787
3 823 787 863
3 823 863 903
3 903 863 904
3 903 904 938
3 938 904 931
3 938 931 964
3 1088 1050 1084
3 1088 1084 1113
3 1193 1113 1190
3 1193 1190 1231
3 1231 1190 1232
3 1231 1232 1277
3 1277 1232 1275
3 1277 1275 1349
3 1393 1349 1390
3 1393 1390 1430
3 1474 1430 1473
3 1474 1473 1551
3 1600 1551 1713
3 692 657 735
3 787 735 788
3 787 788 863
3 863 788 864
3 863 864 904
3 904 864 897
3 904 897 931
3 964 931 1005
3 964 1005 1050
3 1050 1005 1045
3 1050 1045 1084
3 1113 1084 1152
3 1113 1152 1190
3 1232 1190 1228
3 1232 1228 1275
3 1349 1275 1347
3 1349 1347 1390
3 735 657 658
3 650 618 651
3 651 618 612
3 651 612 683
3 683 612 613
3 683 613 684
3 684 613 681
3 681 613 609
3 681 609 679
3 679 609 607
3 679 607 677
3 677 607 604
3 677 717 679
3 679 717 720
3 679 720 681
3 681 720 722
3 681 722 684
3 684 722 725
3 684 725 683
3 683 725 651
3 651 725 729
3 651 729 650
3 650 729 728
3 650 728 659
3 659 728 736
3 659 736 658
3 658 736 735
3 717 775 807
3 717 807 720
3 720 807 809
3 720 809 722
3 722 809 812
3 722 812 811
3 722 811 725
3 725 811 814
3 725 814 729
3 729 814 817
3 729 817 728
3 728 817 782
3 728 782 736
3 736 782 788
3 736 788 735
3 775 846 807
3 807 846 809
3 809 846 848
3 809 848 812
3 812 848 850
3 812 850 811
3 811 850 814
3 814 850 853
3 814 853 817
3 817 853 857
3 817 857 782
3 782 857 856
3 782 856 788
3 788 856 864
3 846 886 848
3 848 886 889
3 848 889 850
3 850 889 891
3 850 891 853
3 853 891 894
3 853 894 893
3 853 893 857
3 857 893 898
3 857 898 856
3 856 898 897
3 856 897 864
3 1036 994 1077
3 1147 1186 1150
3 1150 1186 1188
3 1150 1188 1152
3 1152 1188 1190
3 1186 1226 1188
3 1188 1226 1228
3 1188 1228 1190
3 1186 1272 1226
3 1226 1272 1271
3 1226 1271 1228
3 1228 1271 1275
3 1272 1310 1271
3 1271 1310 1347
3 1271 1347 1275
3 1310 1390 1347
3 1899 1868 1809
3 1809 1868 1766
3 1809 1766 1712
3 1712 1766 1718
3 1712 1718 1603
3 1554 1603 1558
3 1554 1558 1479
3 1435 1479 1438
3 1435 1438 1354
3 1315 1354 1318
3 1315 1318 1284
3 1157 1196 1165
3 1157 1165 1123
3 1011 1056 1010
3 1011 1010 970
3 970 1010 969
3 970 969 937
3 937 969 936
3 937 936 861
3 1868 1899 1940
3 1940 1899 1961
3 1940 1961 1978
3 1978 1961 1992
3 1992 2020 1993
3 1993 2020 2006
3 1993 2006 1994
3 1994 2006 2007
3 1994 2007 1995
3 1995 2007 2008
3 1995 2008 1980
3 1980 2008 1982
3 1982 2008 2009
3 1982 2009 1981
3 1981 2009 1996
3 1981 1996 1984
3 1984 1996 1998
3 1984 1998 1970
3 1970 1998 1997
3 1970 1997 1969
3 1969 1997 1983
3 1969 1983 1946
3 1983 2011 2024
3 2024 2011 2025
3 2024 2025 2057
3 2072 2057 2073
3 2073 2057 2090
3 2090 2057 2058
3 2090 2058 2074
3 2090 2074 2102
3 2102 2074 2088
3 2102 2088 2100
3 2124 2100 2098
3 2124 2098 2121
3 2121 2098 2122
3 2122 2098 2097
3 2122 2097 2149
3 2149 2097 2119
3 2149 2119 2145
3 2145 2119 2116
3 2145 2116 2140
3 2140 2116 2083
3 2067 2083 2050
3 2067 2050 2035
3 2006 2035 2007
3 1992 2034 2020
3 2020 2034 2006
3 2006 2034 2035
3 2067 2034 2083
3 2072 2056 2057
3 2057 2056 2024
3 2024 2056 2010
3 2010 1983 2024
3 1983 1925 1946
3 1946 1925 1926
3 1946 1926 1969
3 1969 1926 1970
3 1970 1926 1927
3 1970 1927 1947
3 1970 1947 1984
3 1984 1947 1948
3 1984 1948 1981
3 1981 1948 1944
3 1981 1944 1966
3 1981 1966 1982
3 1982 1966 1967
3 1982 1967 1980
3 1980 1967 1965
3 1980 1965 1995
3 1995 1965 1994
3 1994 1965 1964
3 1994 1964 1993
3 1993 1964 1963
3 1993 1963 1979
3 1993 1979 1992
3 1992 1979 1978
3 1925 1879 1926
3 1926 1879 1905
3 1926 1905 1927
3 1927 1905 1906
3 1927 1906 1947
3 1947 1906 1948
3 1948 1906 1928
3 1948 1928 1944
3 1944 1928 1922
3 1944 1922 1966
3 1966 1922 1967
3 1967 1922 1923
3 1967 1923 1965
3 1965 1923 1921
3 1965 1921 1943
3 1965 1943 1964
3 1964 1943 1942
3 1964 1942 1963
3 1963 1942 1941
3 1963 1941 1979
3 1979 1941 1978
3 1978 1941 1940
3 1879 1827 1788
3 1879 1788 1905
3 1905 1788 1828
3 1905 1828 1906
3 1906 1828 1928
3 1928 1828 1850
3 1928 1850 1922
3 1922 1850 1840
3 1922 1840 1923
3 1923 1840 1841
3 1923 1841 1921
3 1921 1841 1871
3 1921 1871 1943
3 1943 1871 1942
3 1942 1871 1870
3 1942 1870 1941
3 1941 1870 1869
3 1941 1869 1940
3 1940 1869 1868
3 1788 1620 1828
3 1828 1620 1672
3 1828 1672 1673
3 1828 1673 1850
3 1850 1673 1742
3 1850 1742 1840
3 1840 1742 1735
3 1840 1735 1736
3 1840 1736 1841
3 1841 1736 1871
3 1871 1736 1773
3 1871 1773 1774
3 1871 1774 1870
3 1870 1774 1768
3 1870 1768 1869
3 1869 1768 1767
3 1869 1767 1868
3 1868 1767 1766
3 1788 1569 1620
3 1620 1569 1672
3 1672 1569 1570
3 1672 1570 1621
3 1672 1621 1673
3 1673 1621 1622
3 1673 1622 1742
3 1742 1622 1735
3 1735 1622 1614
3 1735 1614 1736
3 1736 1614 1667
3 1736 1667 1773
3 1773 1667 1662
3 1773 1662 1774
3 1774 1662 1663
3 1774 1663 1768
3 1768 1663 1724
3 1768 1724 1767
3 1767 1724 1718
3 1767 1718 1766
3 1569 1490 1491
3 1569 1491 1570
3 1570 1491 1526
3 1570 1526 1621
3 1621 1526 1622
3 1622 1526 1527
3 1622 1527 1571
3 1622 1571 1614
3 1614 1571 1563
3 1614 1563 1667
3 1667 1563 1564
3 1667 1564 1662
3 1662 1564 1609
3 1662 1609 1663
3 1663 1609 1610
3 1663 1610 1724
3 1724 1610 1606
3 1724 1606 1718
3 1718 1606 1603
3 1491 1490 1446
3 1446 1490 1445
3 1446 1445 1407
3 1446 1407 1363
3 1363 1407 1322
3 1322 1289 1364
3 1364 1289 1323
3 1364 1323 1324
3 1364 1324 1365
3 1365 1324 1325
3 1365 1325 1401
3 1401 1325 1357
3 1401 1357 1402
3 1402 1357 1358
3 1402 1358 1398
3 1398 1358 1354
3 1398 1354 1438
3 1289 1243 1323
3 1323 1243 1290
3 1323 1290 1324
3 1324 1290 1291
3 1324 1291 1325
3 1325 1291 1357
3 1357 1291 1318
3 1357 1318 1358
3 1358 1318 1354
3 1243 1201 1290
3 1290 1201 1244
3 1290 1244 1245
3 1290 1245 1291
3 1291 1245 1246
3 1291 1246 1318
3 1318 1246 1237
3 1318 1237 1284
3 1201 1163 1244
3 1244 1163 1202
3 1244 1202 1245
3 1245 1202 1203
3 1245 1203 1246
3 1246 1203 1237
3 1237 1203 1196
3 1237 1196 1284
3 1201 1121 1163
3 1163 1121 1122
3 1163 1122 1202
3 1202 1122 1164
3 1202 1164 1203
3 1203 1164 1165
3 1203 1165 1196
3 1121 1092 1122
3 1122 1092 1093
3 1122 1093 1164
3 1164 1093 1123
3 1164 1123 1165
3 1055 1092 1054
3 1055 1054 1010
3 1010 1054 969
3 734 787 786
3 786 787 822
3 822 902 862
3 862 902 937
3 1055 1093 1092
3 1363 1322 1408
3 1408 1322 1364
3 1408 1364 1409
3 1409 1364 1365
3 1409 1365 1447
3 1447 1365 1441
3 1441 1365 1401
3 1441 1401 1402
3 1441 1402 1437
3 1437 1402 1398
3 1437 1398 1482
3 1482 1398 1438
3 1482 1438 1479
3 1526 1491 1446
3 1446 1363 1408
3 1446 1408 1492
3 1492 1408 1493
3 1493 1408 1409
3 1493 1409 1447
3 1493 1447 1485
3 1485 1447 1441
3 1485 1441 1521
3 1521 1441 1517
3 1517 1441 1437
3 1517 1437 1482
3 1517 1482 1515
3 1515 1482 1479
3 1515 1479 1558
3 2011 1983 2012
3 2012 1983 1997
3 2012 1997 2026
3 2026 1997 1998
3 2026 1998 2022
3 2022 1998 1996
3 2022 1996 2023
3 2023 1996 2009
3 2023 2009 2021
3 2021 2009 2008
3 2021 2008 2037
3 2037 2008 2036
3 2036 2008 2007
3 2036 2007 2035
3 787 823 822
3 822 823 903
3 822 903 902
3 902 903 937
3 1093 1055 1056
3 1056 1055 1010
3 1526 1446 1492
3 2011 2012 2025
3 2025 2012 2039
3 2025 2039 2057
3 2057 2039 2058
3 903 938 937
3 937 938 971
3 937 971 970
3 970 971 1011
3 1123 1093 1056
3 1527 1526 1492
3 1527 1492 1493
3 2039 2012 2040
3 2040 2012 2026
3 2040 2026 2038
3 2038 2026 2022
3 2038 2022 2054
3 2054 2022 2023
3 2054 2023 2052
3 2052 2023 2021
3 2052 2021 2053
3 2053 2021 2037
3 2053 2037 2051
3 2051 2037 2036
3 2051 2036 2050
3 2050 2036 2035
3 971 1012 1011
3 1011 1012 1094
3 1571 1527 1493
3 2074 2058 2039
3 2074 2039 2040
3 938 964 971
3 971 964 1049
3 971 1049 1012
3 1012 1049 1087
3 1012 1087 1094
3 1094 1087 1116
3 1563 1571 1493
3 1563 1493 1485
3 2074 2040 2069
3 2069 2040 2038
3 2069 2038 2070
3 2070 2038 2054
3 2070 2054 2068
3 2068 2054 2052
3 2068 2052 2087
3 2087 2052 2053
3 2087 2053 2086
3 2086 2053 2051
3 2086 2051 2084
3 2084 2051 2050
3 2084 2050 2085
3 2085 2050 2083
3 931 897 898
3 964 1050 1049
3 1049 1050 1087
3 1564 1563 1485
3 1564 1485 1521
3 2100 2088 2069
3 2069 2088 2074
3 2100 2069 2070
3 931 898 932
3 932 898 928
3 928 898 893
3 928 893 894
3 928 894 926
3 926 894 891
3 926 891 960
3 960 891 958
3 958 891 889
3 958 889 956
3 956 889 886
3 1050 1088 1087
3 1087 1088 1116
3 931 932 1005
3 1005 932 1002
3 1005 1002 1045
3 1045 1002 1046
3 1045 1046 1084
3 1084 1046 1082
3 1084 1082 1152
3 1002 932 928
3 1088 1113 1116
3 1116 1113 1192
3 1116 1192 1158
3 1158 1192 1234
3 1158 1234 1238
3 1238 1234 1280
3 1609 1564 1521
3 1609 1521 1517
3 2098 2100 2070
3 2098 2070 2068
3 1002 928 998
3 998 928 926
3 998 926 999
3 999 926 960
3 999 960 996
3 996 960 958
3 996 958 994
3 994 958 956
3 1113 1193 1192
3 1192 1193 1234
3 1234 1281 1280
3 1280 1281 1315
3 1610 1609 1517
3 2098 2068 2087
3 1046 1002 1042
3 1046 1042 1082
3 1152 1082 1150
3 1042 1002 998
3 1193 1231 1234
3 1234 1231 1277
3 1234 1277 1281
3 1281 1277 1313
3 1281 1313 1315
3 1315 1313 1395
3 1606 1610 1517
3 1606 1517 1515
3 2097 2098 2087
3 2097 2087 2086
3 1042 998 999
3 1042 999 1039
3 1039 999 996
3 1039 996 1040
3 1040 996 1036
3 1036 996 994
3 1277 1352 1313
3 1313 1352 1395
3 1606 1515 1558
3 1082 1042 1079
3 1082 1079 1150
3 1079 1042 1039
3 1277 1349 1352
3 1352 1349 1393
3 1352 1393 1395
3 1395 1393 1432
3 1395 1432 1435
3 1435 1432 1477
3 1603 1606 1558
3 2119 2097 2086
3 2119 2086 2084
3 1079 1039 1040
3 1079 1040 1077
3 1077 1040 1036
3 2119 2084 2085
3 1147 1150 1079
3 1147 1079 1077
3 1393 1430 1432
3 1432 1430 1474
3 1432 1474 1477
3 1477 1474 1551
3 1477 1551 1555
3 1555 1551 1600
3 2067 2035 2034
3 2116 2119 2085
3 2116 2085 2083
3 675 602 600
3 675 600 673
3 673 600 597
3 673 597 671
3 671 597 595
3 671 595 669
3 669 595 668
3 668 595 594
3 668 594 637
3 637 594 591
3 637 591 636
3 699 632 698
3 699 698 763
3 828 792 827
3 828 827 909
3 909 827 908
3 909 908 942
3 976 942 1016
3 976 1016 1017
3 1017 1016 1060
3 1060 1099 1061
3 1061 1099 1129
3 1061 1129 1100
3 1100 1129 1130
3 1100 1130 1103
3 1103 1130 1133
3 1103 1133 1134
3 1103 1134 1105
3 1105 1134 1177
3 1105 1177 1178
3 1105 1178 1138
3 1138 1178 1180
3 1138 1180 1141
3 1141 1180 1182
3 1141 1182 1144
3 1144 1182 1184
3 1184 1224 1268
3 1268 1224 1267
3 1268 1267 1308
3 1308 1267 1345
3 1308 1345 1387
3 1470 1428 1466
3 1470 1466 1547
3 1547 1466 1546
3 1547 1546 1592
3 1592 1546 1589
3 1592 1589 1696
3 1763 1696 1762
3 1763 1762 1859
3 1914 1859 1913
3 1914 1913 1953
3 1953 1913 1952
3 1953 1952 1973
3 1987 1973 1986
3 1987 1986 2015
3 2015 1986 2001
3 2015 2001 2027
3 2060 2043 2042
3 2042 2013 1999
3 1999 2013 2000
3 1999 2000 1971
3 1930 1971 1950
3 1930 1950 1909
3 1909 1950 1910
3 1909 1910 1886
3 1801 1886 1837
3 1801 1837 1678
3 1678 1837 1683
3 1678 1683 1582
3 1582 1683 1632
3 1582 1632 1538
3 1503 1538 1505
3 1503 1505 1420
3 1420 1505 1461
3 1420 1461 1421
3 1421 1461 1424
3 1421 1424 1381
3 1341 1381 1343
3 1341 1343 1264
3 1222 1264 1224
3 1222 1224 1184
3 632 631 698
3 763 698 762
3 763 762 792
3 631 664 698
3 698 664 697
3 698 697 762
3 664 663 697
3 1060 1098 1099
3 1099 1098 1128
3 1099 1128 1171
3 1099 1171 1129
3 1129 1171 1172
3 1129 1172 1130
3 1130 1172 1133
3 1133 1172 1175
3 1133 1175 1134
3 1134 1175 1214
3 1134 1214 1177
3 1177 1214 1216
3 1177 1216 1178
3 1178 1216 1180
3 1180 1216 1219
3 1180 1219 1220
3 1180 1220 1182
3 1182 1220 1222
3 1182 1222 1184
3 1098 1170 1128
3 1128 1170 1171
3 1171 1170 1208
3 1171 1208 1209
3 1171 1209 1172
3 1172 1209 1210
3 1172 1210 1175
3 1175 1210 1213
3 1175 1213 1255
3 1175 1255 1214
3 1214 1255 1216
3 1216 1255 1258
3 1216 1258 1259
3 1216 1259 1219
3 1219 1259 1261
3 1219 1261 1220
3 1220 1261 1222
3 1222 1261 1264
3 1170 1207 1208
3 1208 1207 1251
3 1208 1251 1209
3 1209 1251 1252
3 1209 1252 1210
3 1210 1252 1213
3 1213 1252 1301
3 1213 1301 1255
3 1255 1301 1258
3 1258 1301 1303
3 1258 1303 1259
3 1259 1303 1261
3 1261 1303 1305
3 1261 1305 1341
3 1261 1341 1264
3 1207 1250 1251
3 1251 1250 1296
3 1251 1296 1297
3 1251 1297 1252
3 1252 1297 1298
3 1252 1298 1301
3 1301 1298 1335
3 1301 1335 1336
3 1301 1336 1303
3 1303 1336 1338
3 1303 1338 1305
3 1305 1338 1381
3 1305 1381 1341
3 1250 1295 1296
3 1296 1295 1331
3 1296 1331 1297
3 1297 1331 1332
3 1297 1332 1298
3 1298 1332 1335
3 1335 1332 1375
3 1335 1375 1376
3 1335 1376 1336
3 1336 1376 1338
3 1338 1376 1379
3 1338 1379 1421
3 1338 1421 1381
3 1330 1295 1370
3 1330 1370 1414
3 1414 1370 1413
3 1414 1413 1452
3 1452 1532 1453
3 1452 1453 1414
3 1331 1371 1332
3 1576 1532 1749
3 1749 1800 1858
3 1858 1908 1749
3 1749 1908 1858
3 1749 1858 1801
3 1801 1858 1885
3 1801 1885 1886
3 1971 1930 1908
3 1908 1930 1909
3 1908 1909 1858
3 1858 1909 1885
3 2060 2061 2043
3 2043 2061 2076
3 2043 2076 2044
3 2044 2076 2062
3 2062 2076 2092
3 2062 2092 2063
3 2063 2092 2077
3 2063 2077 2064
3 2064 2077 2094
3 2064 2094 2065
3 2065 2094 2095
3 2065 2095 2078
3 2078 2095 2079
3 2079 2095 2096
3 2079 2096 2080
3 2080 2096 2110
3 2080 2110 2081
3 2081 2110 2082
3 2082 2110 2113
3 2082 2113 2135
3 2135 2113 2132
3 2132 2113 2110
3 2132 2110 2128
3 2128 2110 2096
3 2128 2096 2107
3 2107 2096 2095
3 2107 2095 2106
3 2106 2095 2104
3 2104 2095 2094
3 2094 2077 2092
3 2066 2082 2033
3 2033 2019 2032
3 2032 2019 2005
3 2032 2005 2031
3 2031 2005 2004
3 2031 2004 2030
3 2030 2004 2003
3 2030 2003 2018
3 2018 2003 2017
3 2017 2003 2002
3 2017 2002 2016
3 2016 2002 1987
3 2016 1987 2015
3 2033 1991 2019
3 2019 1991 2005
3 2005 1991 1990
3 2005 1990 2004
3 2004 1990 1989
3 2004 1989 2003
3 2003 1989 1988
3 2003 1988 1975
3 2003 1975 2002
3 2002 1975 1974
3 2002 1974 1973
3 2002 1973 1987
3 1977 1991 1959
3 1977 1959 1937
3 1937 1959 1888
3 1937 1888 1863
3 1863 1888 1808
3 1863 1808 1765
3 1765 1808 1706
3 1765 1706 1705
3 1705 1706 1594
3 1705 1594 1701
3 1701 1594 1592
3 1701 1592 1696
3 1706 1549 1594
3 1594 1549 1592
3 1592 1549 1547
3 1549 1469 1470
3 1549 1470 1547
3 1469 1428 1470
3 1034 1075 991
3 884 843 882
3 882 843 841
3 882 841 879
3 879 841 839
3 879 839 877
3 877 839 837
3 877 837 876
3 876 837 874
3 874 837 834
3 874 834 873
3 873 834 833
3 873 833 870
3 870 833 830
3 870 830 869
3 869 830 829
3 869 829 793
3 869 793 868
3 868 793 792
3 868 792 828
3 843 805 841
3 841 805 803
3 841 803 839
3 839 803 801
3 839 801 800
3 839 800 837
3 837 800 798
3 837 798 834
3 834 798 796
3 834 796 833
3 833 796 767
3 833 767 830
3 830 767 764
3 830 764 829
3 829 764 793
3 793 764 763
3 793 763 792
3 843 773 805
3 805 773 714
3 805 714 803
3 803 714 711
3 803 711 801
3 801 711 708
3 801 708 800
3 800 708 798
3 798 708 706
3 798 706 796
3 796 706 703
3 796 703 702
3 796 702 767
3 767 702 764
3 764 702 699
3 764 699 763
3 714 675 711
3 711 675 673
3 711 673 708
3 708 673 671
3 708 671 706
3 706 671 669
3 706 669 668
3 706 668 703
3 703 668 637
3 703 637 702
3 702 637 636
3 702 636 699
3 699 636 633
3 699 633 632
3 954 884 952
3 952 884 882
3 952 882 950
3 950 882 879
3 950 879 919
3 919 879 916
3 916 879 877
3 916 877 876
3 916 876 914
3 914 876 874
3 914 874 913
3 913 874 873
3 913 873 910
3 910 873 870
3 910 870 869
3 910 869 909
3 909 869 868
3 909 868 828
3 991 954 989
3 989 954 952
3 989 952 987
3 987 952 950
3 987 950 986
3 986 950 919
3 986 919 984
3 984 919 916
3 984 916 981
3 981 916 914
3 981 914 947
3 947 914 913
3 947 913 944
3 944 913 910
3 944 910 943
3 943 910 909
3 943 909 942
3 1034 991 1032
3 1032 991 989
3 1032 989 1031
3 1031 989 1028
3 1028 989 987
3 1028 987 986
3 1028 986 1026
3 1026 986 984
3 1026 984 1025
3 1025 984 1022
3 1022 984 981
3 1022 981 947
3 1022 947 1021
3 1021 947 978
3 978 947 944
3 978 944 977
3 977 944 943
3 977 943 976
3 976 943 942
3 1141 1144 1075
3 1075 1034 1073
3 1073 1034 1032
3 1073 1032 1031
3 1073 1031 1071
3 1071 1031 1028
3 1071 1028 1068
3 1068 1028 1026
3 1068 1026 1025
3 1068 1025 1066
3 1066 1025 1022
3 1066 1022 1065
3 1065 1022 1021
3 1065 1021 1062
3 1062 1021 978
3 1062 978 1018
3 1018 978 977
3 1018 977 1017
3 1017 977 976
3 1224 1264 1267
3 1267 1264 1343
3 1267 1343 1345
3 1345 1343 1384
3 1345 1384 1387
3 1387 1384 1426
3 1387 1426 1428
3 1428 1426 1466
3 1765 1705 1764
3 1764 1705 1701
3 1764 1701 1763
3 1763 1701 1696
3 1863 1765 1861
3 1861 1765 1764
3 1861 1764 1860
3 1860 1764 1763
3 1860 1763 1859
3 1937 1863 1936
3 1936 1863 1861
3 1936 1861 1935
3 1935 1861 1860
3 1935 1860 1934
3 1934 1860 1859
3 1934 1859 1914
3 1990 1991 1977
3 1977 1937 1976
3 1976 1937 1936
3 1976 1936 1957
3 1957 1936 1955
3 1955 1936 1935
3 1955 1935 1954
3 1954 1935 1934
3 1954 1934 1914
3 1954 1914 1953
3 2081 2082 2066
3 2066 2033 2049
3 2049 2033 2032
3 2049 2032 2048
3 2048 2032 2031
3 2048 2031 2047
3 2047 2031 2030
3 2047 2030 2046
3 2046 2030 2018
3 2046 2018 2045
3 2045 2018 2017
3 2045 2017 2029
3 2029 2017 2016
3 2029 2016 2028
3 2028 2016 2015
3 2028 2015 2027
3 1073 1141 1075
3 1976 1990 1977
3 1990 1976 1957
3 2080 2081 2049
3 2049 2081 2066
3 1138 1141 1073
3 1138 1073 1071
3 1343 1381 1384
3 1384 1381 1424
3 1384 1424 1426
3 1426 1424 1463
3 1426 1463 1466
3 1466 1463 1543
3 1466 1543 1546
3 1546 1543 1589
3 1989 1990 1957
3 1989 1957 1955
3 2079 2080 2049
3 2079 2049 2048
3 1463 1508 1543
3 1543 1508 1589
3 1105 1138 1071
3 1105 1071 1068
3 1424 1461 1463
3 1463 1461 1505
3 1463 1505 1508
3 1508 1505 1586
3 1508 1586 1589
3 1589 1586 1636
3 1589 1636 1696
3 1696 1636 1762
3 1988 1989 1955
3 1988 1955 1954
3 2078 2079 2048
3 2078 2048 2047
3 1420 1421 1379
3 1505 1585 1586
3 1586 1585 1635
3 1586 1635 1636
3 1636 1635 1761
3 1636 1761 1762
3 1762 1761 1859
3 1975 1988 1954
3 2065 2078 2047
3 2065 2047 2046
3 1103 1105 1068
3 1103 1068 1066
3 1420 1379 1418
3 1418 1379 1376
3 1418 1376 1375
3 1418 1375 1415
3 1415 1375 1332
3 1415 1332 1372
3 1372 1332 1371
3 1505 1538 1585
3 1585 1538 1632
3 1585 1632 1635
3 1635 1632 1684
3 1635 1684 1761
3 1761 1684 1839
3 1761 1839 1859
3 1859 1839 1913
3 1974 1975 1954
3 1974 1954 1953
3 2064 2065 2046
3 2064 2046 2045
3 1103 1066 1065
3 1420 1418 1503
3 1538 1503 1537
3 1538 1537 1582
3 1582 1537 1578
3 1582 1578 1678
3 1678 1578 1628
3 1678 1628 1801
3 1684 1838 1839
3 1839 1838 1912
3 1839 1912 1913
3 1913 1912 1952
3 1973 1974 1953
3 1503 1418 1458
3 1458 1418 1455
3 1455 1418 1415
3 1455 1415 1372
3 1455 1372 1454
3 1454 1372 1371
3 1454 1371 1414
3 1632 1683 1684
3 1684 1683 1838
3 1912 1933 1952
3 1952 1933 1973
3 2063 2064 2045
3 2063 2045 2029
3 1100 1103 1065
3 1100 1065 1062
3 1503 1458 1537
3 1537 1458 1534
3 1537 1534 1578
3 1628 1578 1627
3 1628 1627 1801
3 1534 1458 1455
3 1683 1837 1838
3 1838 1837 1911
3 1838 1911 1912
3 1912 1911 1932
3 1912 1932 1933
3 1933 1932 1972
3 1933 1972 1973
3 1973 1972 1986
3 2062 2063 2029
3 2062 2029 2028
3 1100 1062 1018
3 1534 1455 1499
3 1499 1455 1498
3 1498 1455 1454
3 1498 1454 1414
3 1498 1414 1453
3 1837 1886 1911
3 1911 1886 1931
3 1911 1931 1932
3 1932 1931 1951
3 1932 1951 1972
3 1972 1951 1985
3 1972 1985 1986
3 1986 1985 2001
3 2044 2062 2028
3 2044 2028 2027
3 1061 1100 1018
3 1534 1499 1578
3 1578 1499 1577
3 1578 1577 1627
3 1801 1627 1749
3 1577 1499 1498
3 1886 1910 1931
3 1931 1910 1951
3 2043 2044 2027
3 1061 1018 1017
3 1577 1498 1533
3 1533 1498 1532
3 1532 1498 1453
3 1909 1886 1885
3 1910 1950 1951
3 1951 1950 1971
3 1951 1971 1985
3 1985 1971 2001
3 2001 2014 2027
3 2027 2014 2043
3 1060 1061 1017
3 1295 1330 1331
3 1331 1330 1371
3 1330 1414 1371
3 1577 1533 1627
3 1627 1533 1576
3 1627 1576 1749
3 1576 1533 1532
3 1971 2000 2001
3 2001 2000 2013
3 2001 2013 2014
3 2014 2013 2042
3 2014 2042 2043
3 1750 1757 1685
3 1694 1695 1637
3 1587 1638 1588
3 1541 1588 1542
3 1506 1507 1462
3 1339 1340 1304
3 1217 1218 1179
3 1106 1070 1069
3 1069 1070 1027
3 949 918 917
3 917 918 878
3 769 770 745
3 670 640 639
3 639 640 596
3 548 499 498
3 498 499 449
3 401 351 350
3 293 232 231
3 171 172 112
3 112 113 56
3 56 57 7
3 7 57 8
3 174 233 234
3 1750 1802 1803
3 1803 1802 1790
3 1830 1829 1852
3 1853 1852 1882
3 1853 1882 1883
3 1853 1883 1854
3 1792 1832 1793
3 1792 1793 1805
3 1805 1793 1806
3 1805 1806 1752
3 1752 1806 1753
3 1752 1753 1759
3 1759 1753 1760
3 1759 1760 1687
3 1802 1789 1790
3 1790 1789 1829
3 1829 1851 1852
3 1852 1881 1882
3 1851 1880 1852
3 1880 1881 1852
3 1883 1884 1854
3 1854 1884 1855
3 1854 1855 1832
3 1687 1760 1688
3 1687 1688 1693
3 1693 1688 1694
3 1855 1884 1856
3 1856 1834 1833
3 1833 1834 1794
3 1807 1794 1754
3 1688 1754 1689
3 1688 1689 1694
3 1794 1834 1795
3 1794 1795 1754
3 1694 1689 1695
3 1856 1857 1835
3 1835 1857 1836
3 1835 1836 1796
3 1743 1796 1744
3 1743 1744 1755
3 1689 1680 1690
3 1689 1690 1633
3 1689 1633 1637
3 1836 1797 1796
3 1796 1797 1744
3 1755 1744 1756
3 1755 1756 1680
3 1680 1756 1681
3 1637 1633 1638
3 1745 1746 1674
3 1681 1674 1682
3 1681 1682 1630
3 1681 1630 1629
3 1633 1634 1638
3 1638 1634 1588
3 1798 1799 1747
3 1798 1747 1746
3 1746 1675 1674
3 1682 1674 1630
3 1629 1630 1634
3 1634 1583 1588
3 1799 1748 1747
3 1746 1747 1676
3 1746 1676 1675
3 1674 1675 1623
3 1674 1623 1630
3 1634 1630 1584
3 1634 1584 1583
3 1747 1748 1677
3 1677 1625 1624
3 1623 1624 1572
3 1623 1572 1580
3 1579 1580 1584
3 1584 1580 1539
3 1677 1626 1625
3 1624 1625 1572
3 1580 1572 1581
3 1580 1581 1535
3 1580 1535 1539
3 1539 1535 1540
3 1574 1626 1575
3 1574 1575 1531
3 1574 1531 1530
3 1529 1494 1501
3 1501 1494 1502
3 1504 1501 1460
3 1504 1460 1459
3 1504 1459 1507
3 1507 1459 1462
3 1530 1531 1495
3 1530 1495 1529
3 1529 1495 1494
3 1501 1502 1456
3 1501 1456 1460
3 1496 1531 1497
3 1496 1497 1451
3 1496 1451 1450
3 1496 1450 1449
3 1457 1449 1416
3 1457 1416 1456
3 1456 1416 1419
3 1449 1450 1410
3 1449 1410 1416
3 1416 1410 1417
3 1419 1377 1423
3 1423 1377 1380
3 1369 1412 1451
3 1329 1328 1369
3 1412 1411 1450
3 1450 1411 1410
3 1249 1294 1329
3 1329 1294 1328
3 1369 1328 1327
3 1369 1327 1368
3 1411 1368 1367
3 1411 1367 1410
3 1169 1206 1249
3 1249 1206 1248
3 1249 1248 1294
3 1294 1293 1327
3 1367 1326 1334
3 1367 1334 1374
3 1416 1373 1419
3 1097 1127 1169
3 1169 1127 1126
3 1169 1126 1168
3 1248 1205 1247
3 1292 1247 1300
3 1300 1299 1334
3 1333 1334 1337
3 1333 1337 1378
3 1378 1337 1377
3 1377 1337 1380
3 941 1015 1097
3 1097 1015 1059
3 1126 1096 1125
3 1167 1125 1166
3 1166 1174 1212
3 1212 1211 1253
3 1253 1211 1257
3 1257 1256 1302
3 1302 1256 1304
3 791 867 941
3 941 867 907
3 974 940 973
3 1014 973 1013
3 1013 1020 1064
3 1064 1020 1063
3 1101 1063 1104
3 1135 1104 1137
3 1135 1137 1179
3 740 761 791
3 791 790 826
3 826 825 866
3 866 865 905
3 905 865 912
3 905 912 911
3 946 911 945
3 946 945 979
3 979 945 948
3 979 948 983
3 983 948 982
3 983 982 1023
3 1023 982 1027
3 662 695 740
3 740 695 739
3 740 739 761
3 761 760 790
3 790 789 825
3 825 789 824
3 824 789 832
3 824 832 872
3 872 832 831
3 872 831 871
3 911 871 875
3 911 875 915
3 948 915 949
3 696 662 695
3 739 695 738
3 759 765 795
3 795 794 831
3 831 794 836
3 836 835 875
3 875 835 878
3 629 533 582
3 629 582 628
3 661 628 627
3 661 627 660
3 693 660 701
3 701 700 741
3 741 743 768
3 768 769 799
3 484 483 533
3 533 532 582
3 582 581 627
3 660 626 666
3 701 666 700
3 700 705 744
3 744 705 743
3 743 745 770
3 434 433 484
3 484 433 483
3 533 483 532
3 581 580 626
3 626 580 588
3 626 588 635
3 635 588 634
3 665 634 667
3 704 667 707
3 704 707 745
3 434 387 386
3 386 387 334
3 386 334 333
3 332 333 273
3 332 273 343
3 343 273 285
3 343 285 342
3 342 285 284
3 284 285 290
3 290 285 226
3 290 226 289
3 289 226 293
3 293 226 232
3 387 335 334
3 334 274 333
3 333 274 273
3 285 221 226
3 275 335 276
3 213 275 214
3 160 213 161
3 167 160 107
3 167 107 106
3 213 152 161
3 160 97 107
3 106 107 112
3 112 107 113
3 215 276 277
3 215 277 216
3 95 155 96
3 95 96 101
3 101 96 102
3 101 102 46
3 46 102 47
3 46 47 51
3 51 47 52
3 51 52 6
3 155 216 156
3 155 156 96
3 6 52 10
3 277 278 216
3 278 279 218
3 157 218 158
3 157 158 162
3 162 158 163
3 162 163 104
3 54 104 109
3 54 109 55
3 54 55 58
3 58 55 59
3 278 336 279
3 218 219 158
3 104 163 105
3 104 105 109
3 109 105 110
3 109 110 55
3 55 110 59
3 279 336 337
3 337 338 280
3 280 338 281
3 220 281 282
3 220 282 223
3 165 223 224
3 165 224 168
3 168 224 169
3 168 169 115
3 115 169 173
3 337 388 338
3 281 338 339
3 281 339 282
3 223 282 286
3 223 286 224
3 169 224 228
3 169 228 170
3 169 170 173
3 173 170 174
3 388 389 338
3 338 389 339
3 282 339 283
3 282 283 286
3 224 286 225
3 224 225 228
3 228 225 229
3 228 229 170
3 170 229 174
3 174 229 233
3 485 435 388
3 388 435 389
3 534 486 485
3 485 486 436
3 389 390 339
3 583 535 534
3 534 535 486
3 390 391 341
3 390 341 340
3 340 341 287
3 340 287 286
3 583 663 630
3 487 536 488
3 487 488 438
3 438 488 439
3 438 439 392
3 392 439 396
3 392 396 395
3 395 396 345
3 288 345 291
3 288 291 229
3 229 291 230
3 229 230 233
3 630 584 583
3 583 584 536
3 439 442 396
3 345 396 346
3 345 346 291
3 230 291 234
3 230 234 233
3 663 664 631
3 538 493 492
3 492 493 443
3 443 493 444
3 443 444 397
3 397 444 399
3 349 352 294
3 631 632 585
3 538 585 541
3 538 541 493
3 444 447 399
3 399 447 400
3 399 400 349
3 349 400 352
3 632 586 585
3 585 586 542
3 585 542 541
3 541 542 493
3 493 542 494
3 493 494 444
3 444 494 447
3 400 402 352
3 632 633 636
3 632 636 590
3 590 636 591
3 590 591 594
3 547 594 549
3 549 594 597
3 594 595 597
3 552 600 554
3 554 600 602
3 503 502 549
3 549 502 500
3 505 455 503
3 503 455 453
3 503 453 502
3 502 453 500
3 500 453 450
3 402 355 352
3 357 301 355
3 355 301 298
3 355 298 352
3 298 297 352
3 352 297 294
3 301 241 298
3 298 241 238
3 298 238 297
3 297 238 294
3 294 238 234
3 240 241 181
3 180 122 121
3 67 23 22
3 11 16 10
3 21 20 16
3 16 20 15
3 16 15 10
3 0 19 18
3 120 119 116
3 116 119 175
3 116 175 112
3 112 175 171
3 119 179 175
3 178 179 239
3 300 239 299
3 356 405 353
3 353 405 403
3 353 403 350
3 350 403 401
3 405 454 403
3 403 454 452
3 403 452 401
3 401 452 449
3 452 454 451
3 452 451 449
3 553 601 550
3 550 601 598
3 550 598 599
3 550 599 548
3 548 599 596
3 599 598 596
3 713 674 601
3 601 674 642
3 601 642 598
3 772 747 713
3 713 747 712
3 713 712 710
3 713 710 672
3 672 670 639
3 953 804 772
3 772 804 771
3 746 771 745
3 746 745 707
3 953 921 883
3 883 921 880
3 880 881 840
3 840 881 838
3 840 838 799
3 1033 990 953
3 953 990 951
3 920 951 917
3 920 917 878
3 1223 1143 1108
3 1074 1108 1072
3 1029 1072 1027
3 1223 1183 1142
3 1142 1183 1139
3 1142 1139 1140
3 1107 1140 1106
3 1223 1266 1307
3 1223 1307 1266
3 1266 1307 1265
3 1266 1265 1263
3 1263 1265 1262
3 1260 1263 1304
3 1307 1344 1265
3 1265 1344 1307
3 1265 1307 1262
3 1262 1307 1306
3 1262 1306 1263
3 1263 1306 1304
3 1344 1385 1386
3 1344 1386 1342
3 1342 1386 1383
3 1342 1383 1339
3 1339 1383 1380
3 1385 1427 1386
3 1386 1427 1385
3 1386 1385 1383
3 1383 1385 1382
3 1385 1427 1468
3 1385 1468 1427
3 1465 1467 1464
3 1465 1464 1462
3 1467 1510 1464
3 1464 1510 1509
3 1464 1509 1462
3 1462 1509 1506
3 1510 1548 1509
3 1544 1545 1509
3 1509 1545 1542
3 1509 1542 1506
3 1593 1590 1591
3 1544 1591 1541
3 1591 1590 1588
3 1641 1638 1587
3 1643 1639 1640
3 1704 1642 1643
3 1639 1694 1637
3 1700 1699 1694
3 1703 1698 1699
3 1702 1697 1698
3 1698 1697 1691
3 1757 1758 1685
3 1685 1758 1686
3 1685 1686 1691
3 1691 1686 1692
3 1758 1757 1751
3 1751 1757 1750
3 1751 1750 1804
3 1804 1750 1803
3 1804 1803 1791
3 1791 1803 1790
3 1791 1790 1830
3 1830 1790 1829
3 1758 1759 1686
3 1686 1759 1687
3 1686 1687 1692
3 1692 1687 1693
3 1759 1758 1752
3 1752 1758 1751
3 1752 1751 1805
3 1805 1751 1804
3 1805 1804 1792
3 1792 1804 1791
3 1792 1791 1831
3 1831 1791 1830
3 1831 1830 1853
3 1853 1830 1852
3 1832 1792 1831
3 1832 1831 1854
3 1854 1831 1853
3 1688 1760 1753
3 1794 1806 1793
3 1794 1793 1833
3 1833 1793 1832
3 1833 1832 1855
3 1754 1688 1753
3 1754 1753 1807
3 1807 1753 1806
3 1807 1806 1794
3 1833 1855 1856
3 1695 1689 1637
3 1679 1689 1754
3 1679 1754 1755
3 1755 1754 1795
3 1795 1834 1835
3 1835 1834 1856
3 1680 1689 1679
3 1680 1679 1755
3 1743 1755 1795
3 1743 1795 1796
3 1796 1795 1835
3 1633 1690 1681
3 1681 1690 1680
3 1681 1756 1744
3 1745 1744 1797
3 1798 1797 1836
3 1634 1633 1629
3 1629 1633 1681
3 1674 1681 1744
3 1674 1744 1745
3 1746 1745 1797
3 1746 1797 1798
3 1583 1584 1588
3 1584 1539 1588
3 1588 1539 1542
3 1579 1584 1630
3 1579 1630 1631
3 1631 1630 1623
3 1623 1675 1676
3 1676 1747 1677
3 1580 1579 1631
3 1580 1631 1623
3 1624 1623 1676
3 1624 1676 1677
3 1539 1540 1504
3 1539 1504 1542
3 1542 1504 1506
3 1506 1504 1507
3 1536 1535 1581
3 1536 1581 1572
3 1573 1572 1625
3 1573 1625 1574
3 1574 1625 1626
3 1504 1540 1500
3 1500 1540 1535
3 1500 1535 1536
3 1528 1536 1572
3 1528 1572 1529
3 1529 1572 1573
3 1501 1504 1500
3 1501 1500 1536
3 1501 1536 1529
3 1529 1536 1528
3 1530 1529 1573
3 1530 1573 1574
3 1459 1460 1462
3 1462 1460 1422
3 1460 1419 1422
3 1422 1419 1423
3 1457 1456 1502
3 1457 1502 1448
3 1448 1502 1494
3 1448 1494 1495
3 1496 1495 1531
3 1419 1460 1456
3 1449 1457 1448
3 1449 1448 1495
3 1449 1495 1496
3 1419 1378 1377
3 1378 1373 1333
3 1333 1373 1334
3 1300 1334 1292
3 1292 1293 1247
3 1205 1248 1206
3 1168 1206 1169
3 1373 1378 1419
3 1337 1302 1340
3 1340 1302 1304
3 1337 1334 1302
3 1302 1334 1299
3 1302 1299 1253
3 1302 1253 1257
3 1217 1215 1218
3 1215 1176 1218
3 1218 1176 1179
3 1257 1211 1215
3 1215 1211 1173
3 1215 1173 1176
3 1176 1173 1131
3 1176 1131 1136
3 1136 1131 1104
3 1104 1131 1101
3 1176 1136 1135
3 1176 1135 1179
3 1136 1104 1135
3 1104 1067 1106
3 1106 1067 1070
3 1067 1023 1070
3 1070 1023 1027
3 1104 1063 1067
3 1067 1063 1023
3 1023 1063 1019
3 1023 1019 1024
3 1024 1019 979
3 1024 979 983
3 1024 983 1023
3 915 948 911
3 871 911 872
3 872 865 824
3 824 865 825
3 825 826 790
3 790 791 761
3 911 948 945
3 836 875 831
3 831 832 795
3 795 789 759
3 759 760 738
3 738 760 739
3 696 695 662
3 831 875 871
3 836 797 835
3 835 797 838
3 838 797 799
3 797 768 799
3 836 794 797
3 797 794 768
3 768 794 765
3 768 765 741
3 700 744 741
3 741 744 743
3 743 705 704
3 704 705 667
3 665 667 700
3 700 667 705
3 667 638 670
3 670 638 640
3 640 638 596
3 667 634 638
3 638 634 587
3 638 587 593
3 593 587 545
3 545 587 539
3 545 539 490
3 545 490 495
3 495 490 491
3 495 491 440
3 495 440 446
3 446 440 398
3 398 440 393
3 398 393 342
3 398 342 347
3 347 342 284
3 347 284 290
3 638 593 592
3 638 592 596
3 593 545 592
3 592 545 544
3 592 544 596
3 596 544 548
3 544 545 548
3 545 495 548
3 548 495 499
3 495 445 499
3 499 445 449
3 495 446 445
3 446 398 445
3 445 398 449
3 449 398 401
3 401 398 351
3 398 347 351
3 347 290 289
3 347 289 351
3 351 289 293
3 226 227 166
3 226 166 232
3 232 166 171
3 227 167 166
3 166 167 171
3 171 167 172
3 227 226 221
3 222 221 285
3 222 285 273
3 274 334 335
3 167 106 172
3 172 106 112
3 167 227 159
3 159 227 221
3 159 221 222
3 212 222 273
3 212 273 213
3 213 273 274
3 275 274 335
3 160 167 159
3 160 159 222
3 160 222 213
3 213 222 212
3 213 274 275
3 113 107 56
3 107 108 49
3 107 49 56
3 98 97 160
3 98 160 161
3 214 152 213
3 214 275 276
3 56 49 57
3 108 107 98
3 98 107 97
3 153 161 152
3 153 152 214
3 215 214 276
3 49 50 4
3 49 4 57
3 57 4 8
3 49 108 44
3 44 108 98
3 44 98 99
3 99 98 161
3 99 161 153
3 154 153 214
3 154 214 215
3 50 51 4
3 4 51 5
3 4 5 8
3 8 5 9
3 50 49 45
3 45 49 44
3 45 44 99
3 45 99 100
3 100 99 94
3 94 99 153
3 94 153 154
3 5 51 6
3 5 6 9
3 9 6 10
3 51 50 46
3 46 50 45
3 46 45 101
3 101 45 100
3 101 100 95
3 95 100 94
3 95 94 155
3 155 94 154
3 155 154 216
3 216 154 215
3 52 53 10
3 10 53 11
3 53 52 47
3 156 102 96
3 217 156 216
3 53 54 11
3 11 54 58
3 48 53 47
3 48 47 103
3 103 47 102
3 278 217 216
3 103 53 48
3 103 102 157
3 157 102 156
3 157 156 217
3 54 53 104
3 104 53 103
3 104 103 162
3 162 103 157
3 218 157 217
3 218 217 278
3 110 111 59
3 59 111 114
3 111 168 114
3 114 168 115
3 111 110 164
3 164 110 105
3 164 105 163
3 164 163 220
3 220 163 158
3 220 158 219
3 280 219 218
3 280 218 279
3 280 279 337
3 168 111 165
3 165 111 164
3 165 164 223
3 223 164 220
3 281 220 219
3 281 219 280
3 229 287 288
3 288 287 345
3 395 345 392
3 536 487 535
3 536 535 583
3 287 229 225
3 291 348 292
3 292 348 349
3 292 349 294
3 291 346 348
3 348 346 397
3 348 397 399
3 348 399 349
3 447 496 448
3 448 496 497
3 448 497 450
3 450 497 500
3 447 494 496
3 496 494 542
3 496 542 546
3 546 542 543
3 546 543 590
3 546 590 594
3 496 546 497
3 497 546 500
3 500 546 549
3 546 594 547
3 546 547 549
3 447 448 400
3 400 448 402
3 402 448 450
3 291 292 234
3 234 292 294
3 667 670 707
3 745 743 704
3 769 768 770
3 770 768 743
3 835 838 878
3 915 875 918
3 915 918 949
3 918 875 878
3 982 948 985
3 982 985 1027
3 985 948 949
3 1104 1106 1137
3 1257 1215 1256
3 1256 1215 1260
3 1256 1260 1304
3 1260 1215 1217
3 1337 1339 1380
3 1339 1337 1340
3 1334 1373 1374
3 1253 1254 1212
3 1211 1212 1173
3 1131 1132 1102
3 1131 1102 1101
3 1101 1102 1063
3 979 980 946
3 794 795 765
3 634 665 666
3 666 665 700
3 587 540 539
3 539 540 491
3 539 491 490
3 440 441 394
3 440 394 393
3 393 394 342
3 287 225 286
3 346 396 397
3 397 396 443
3 542 590 543
3 1373 1416 1417
3 1299 1300 1253
3 1253 1300 1254
3 1212 1174 1173
3 1173 1174 1132
3 1173 1132 1131
3 1063 1020 1019
3 1019 1020 980
3 1019 980 979
3 872 911 912
3 765 766 741
3 741 766 742
3 741 742 701
3 635 634 666
3 634 588 587
3 587 588 540
3 491 441 440
3 394 343 342
3 287 344 345
3 345 344 391
3 345 391 392
3 392 391 438
3 396 442 443
3 542 589 590
3 1373 1417 1374
3 1374 1417 1366
3 1374 1366 1367
3 1326 1367 1327
3 1366 1417 1410
3 1292 1334 1326
3 1300 1247 1254
3 1254 1247 1204
3 1254 1204 1212
3 1212 1204 1166
3 1174 1166 1132
3 1132 1166 1124
3 1132 1124 1095
3 1132 1095 1102
3 1102 1095 1063
3 1063 1095 1057
3 1063 1057 1064
3 1064 1057 1013
3 1020 1013 980
3 980 1013 972
3 980 972 939
3 980 939 946
3 946 939 911
3 911 939 905
3 865 872 912
3 789 795 832
3 765 759 766
3 766 759 737
3 766 737 742
3 742 737 693
3 742 693 701
3 660 666 701
3 626 635 666
3 588 580 531
3 588 531 540
3 540 531 481
3 540 481 491
3 491 481 441
3 441 481 431
3 441 431 384
3 441 384 394
3 394 384 343
3 343 384 332
3 340 286 283
3 391 344 341
3 341 344 287
3 442 439 489
3 442 489 443
3 443 489 492
3 492 489 538
3 632 590 589
3 632 589 586
3 586 589 542
3 538 489 537
3 537 536 584
3 537 489 488
3 537 488 536
3 489 439 488
3 340 283 339
3 340 339 390
3 332 384 333
3 333 384 385
3 333 385 386
3 384 432 385
3 385 432 433
3 385 433 386
3 386 433 434
3 384 431 432
3 433 432 483
3 431 481 432
3 432 481 482
3 432 482 483
3 482 481 532
3 482 532 483
3 481 531 532
3 531 581 532
3 531 580 581
3 581 626 627
3 694 693 738
3 694 738 695
3 693 737 738
3 737 759 738
3 825 865 866
3 905 939 906
3 906 939 940
3 906 940 907
3 939 972 973
3 939 973 940
3 972 1013 973
3 1013 1057 1014
3 1014 1057 1058
3 1014 1058 1059
3 1057 1095 1058
3 1058 1095 1096
3 1058 1096 1059
3 1095 1124 1125
3 1095 1125 1096
3 1124 1166 1125
3 1166 1204 1167
3 1167 1204 1205
3 1167 1205 1206
3 1204 1247 1205
3 1293 1292 1327
3 1327 1292 1326
3 1367 1366 1410
3 1327 1367 1368
3 1125 1167 1126
3 1096 1126 1097
3 1096 1097 1059
3 973 1014 974
3 940 974 941
3 940 941 907
3 866 867 826
3 866 905 906
3 760 759 790
3 790 759 789
3 693 694 660
3 660 694 695
3 660 695 661
3 661 662 628
3 627 626 660
3 391 390 436
3 391 436 437
3 438 391 437
3 538 537 585
3 585 537 584
3 585 584 630
3 585 630 631
3 1368 1411 1412
3 1248 1247 1294
3 1294 1247 1293
3 1168 1167 1206
3 1015 1014 1059
3 866 906 907
3 582 627 628
3 532 581 582
3 487 438 486
3 486 438 437
3 1412 1450 1451
3 1294 1327 1328
3 1167 1168 1126
3 1126 1127 1097
3 1014 1015 974
3 974 975 941
3 866 907 867
3 826 867 791
3 761 739 760
3 628 662 629
3 535 487 486
3 631 630 663
3 436 486 437
3 389 435 390
3 661 695 662
3 974 1015 941
3 1369 1368 1412
3 941 975 974
3 485 436 435
3 435 436 390
3 549 597 551
3 551 597 600
3 551 600 552
3 404 450 453
3 404 453 406
3 406 453 455
3 402 450 404
3 237 234 238
3 237 238 240
3 240 238 241
3 174 234 176
3 176 234 237
3 176 237 177
3 177 237 181
3 181 237 240
3 176 177 180
3 180 177 181
3 173 174 118
3 118 174 176
3 118 176 121
3 121 176 180
3 115 173 118
3 114 115 117
3 117 115 118
3 117 118 64
3 64 118 68
3 68 118 121
3 59 114 63
3 63 114 117
3 63 117 64
3 63 64 67
3 67 64 68
3 58 59 62
3 62 59 63
3 62 63 17
3 17 63 22
3 22 63 67
3 17 58 62
3 11 58 16
3 16 58 17
3 16 17 21
3 21 17 22
3 9 10 14
3 14 10 15
3 14 15 1
3 1 15 20
3 8 9 13
3 13 9 14
3 13 14 0
3 0 14 1
3 7 8 12
3 12 8 13
3 12 13 18
3 18 13 0
3 56 7 61
3 61 7 12
3 61 12 66
3 66 12 18
3 65 61 66
3 112 56 60
3 60 56 61
3 60 61 65
3 232 171 236
3 236 171 175
3 178 175 179
3 231 232 235
3 235 232 236
3 235 236 175
3 235 175 239
3 239 175 178
3 293 231 296
3 296 231 235
3 296 235 300
3 300 235 239
3 353 350 351
3 351 293 354
3 354 293 296
3 354 296 295
3 295 296 299
3 299 296 300
3 498 449 501
3 501 449 451
3 501 451 504
3 504 451 454
3 548 498 550
3 550 498 501
3 639 596 641
3 641 596 598
3 641 598 642
3 670 672 710
3 670 710 707
3 707 710 746
3 745 771 769
3 769 771 802
3 769 802 799
3 799 802 840
3 838 881 878
3 878 881 880
3 878 880 920
3 917 951 949
3 949 951 988
3 949 988 985
3 985 988 1030
3 985 1030 1027
3 1027 1030 1029
3 1027 1072 1069
3 1069 1072 1107
3 1069 1107 1106
3 1106 1140 1137
3 1137 1140 1181
3 1137 1181 1179
3 1179 1181 1221
3 1179 1221 1217
3 1217 1221 1263
3 1217 1263 1260
3 1339 1304 1342
3 1342 1304 1306
3 1342 1306 1344
3 1344 1306 1307
3 1425 1422 1423
3 1423 1380 1425
3 1425 1380 1383
3 1425 1383 1382
3 1425 1382 1385
3 1462 1422 1465
3 1465 1422 1425
3 1465 1425 1468
3 1468 1425 1427
3 1542 1545 1544
3 1542 1544 1541
3 1591 1588 1541
3 1588 1590 1587
3 1587 1590 1641
3 1638 1641 1640
3 1638 1640 1637
3 1637 1640 1639
3 1694 1639 1700
3 1694 1699 1693
3 1693 1699 1698
3 1693 1698 1692
3 1692 1698 1691
3 551 503 549
3 503 551 552
3 404 355 402
3 60 116 112
3 354 353 351
3 353 354 295
3 639 641 672
3 672 674 713
3 710 709 746
3 988 1029 1030
3 1140 1139 1181
3 1641 1590 1640
3 505 503 552
3 505 552 554
3 357 355 404
3 357 404 406
3 120 116 60
3 120 60 65
3 356 353 295
3 356 295 299
3 553 550 501
3 553 501 504
3 642 674 641
3 641 674 672
3 710 712 709
3 709 712 747
3 709 747 746
3 746 747 772
3 746 772 771
3 771 804 802
3 802 804 842
3 802 842 840
3 840 842 883
3 840 883 880
3 880 921 920
3 920 921 953
3 920 953 951
3 951 990 988
3 988 990 1033
3 988 1033 1029
3 1029 1033 1074
3 1029 1074 1072
3 1072 1108 1107
3 1107 1108 1143
3 1107 1143 1140
3 1140 1143 1142
3 1139 1183 1181
3 1181 1183 1223
3 1181 1223 1221
3 1221 1223 1266
3 1221 1266 1263
3 1427 1425 1385
3 1467 1465 1468
3 1548 1544 1509
3 1544 1548 1591
3 1591 1548 1593
3 1590 1593 1644
3 1590 1644 1640
3 1640 1644 1643
3 1639 1643 1700
3 1700 1643 1642
3 1700 1642 1699
3 1699 1642 1704
3 1699 1704 1703
3 1698 1703 1702
3 883 842 953
3 953 842 804
3 1074 1033 1108
3 1223 1142 1143
3 2129 2126 2125
3 2125 2126 2127
3 2125 2127 2128
3 2125 2128 2107
3 2128 2127 2131
3 2128 2131 2132
3 2132 2131 2134
3 2132 2134 2135
3 2125 2107 2105
3 2105 2107 2106
3 2105 2106 2103
3 2103 2106 2104
3 2103 2104 2094
3 2103 2094 2093
3 2093 2094 2091
3 2091 2094 2092
3 2091 2092 2076
3 2091 2076 2075
3 2075 2076 2059
3 2059 2076 2061
3 2059 2061 2060
3 2059 2060 2042
3 2059 2042 2041
3 2041 1884 1949
3 1949 1884 1883
3 1949 1883 1882
3 1949 1882 1929
3 1929 1882 1881
3 1929 1881 1907
3 1907 1881 1880
3 1884 2041 1856
3 1856 2041 2042
3 1856 2042 1857
3 1857 2042 1836
3 1836 2042 1798
3 1798 2042 1999
3 1798 1999 1799
3 1799 1999 1748
3 1748 1999 1971
3 1748 1971 1677
3 1677 1971 1626
3 1626 1971 1908
3 1626 1908 1575
3 1575 1908 1531
3 1531 1908 1858
3 1531 1858 1497
3 1497 1858 1451
3 1451 1858 1800
3 1451 1800 1369
3 1369 1800 1749
3 1369 1749 1329
3 1329 1749 1532
3 1329 1532 1249
3 1249 1532 1169
3 1169 1532 1452
3 1169 1452 1097
3 1097 1452 1413
3 1097 1413 941
3 941 1413 1370
3 941 1370 1295
3 1295 1250 941
3 941 1250 1207
3 941 1207 791
3 791 1207 1170
3 791 1170 1098
3 1098 1060 791
3 791 1060 740
3 740 1060 1016
3 740 1016 942
3 740 942 662
3 662 942 908
3 662 908 485
3 485 908 827
3 485 827 534
3 534 827 792
3 534 792 762
3 534 762 583
3 583 762 697
3 583 697 663
3 662 485 629
3 629 485 388
3 629 388 533
3 533 388 337
3 533 337 484
3 484 337 434
3 434 337 336
3 434 336 387
3 387 336 278
3 387 278 335
3 335 278 277
3 335 277 276
3 1709 1710 1714
3 1901 1873 1902
3 1902 1873 1874
3 1875 1874 1845
3 1845 1820 1821
3 1780 1779 1731
3 1780 1731 1732
3 1732 1731 1729
3 1732 1729 1730
3 1730 1729 1660
3 1604 1659 1601
3 1601 1599 1550
3 1710 1711 1715
3 1715 1711 1716
3 1715 1716 1720
3 1720 1716 1721
3 1720 1721 1726
3 1726 1721 1727
3 1726 1727 1770
3 1770 1727 1771
3 1770 1771 1776
3 1776 1771 1777
3 1776 1777 1812
3 1812 1777 1813
3 1812 1813 1818
3 1818 1813 1819
3 1818 1819 1843
3 1843 1819 1844
3 1843 1844 1873
3 1873 1844 1874
3 1711 1652 1716
3 1653 1717 1716
3 1717 1722 1721
3 1653 1654 1655
3 1722 1728 1727
3 1727 1728 1772
3 1727 1772 1771
3 1771 1772 1777
3 1656 1658 1722
3 1772 1728 1778
3 1777 1778 1813
3 1654 1599 1656
3 1728 1729 1779
3 1728 1779 1778
3 1814 1820 1819
3 1550 1552 1602
3 1602 1605 1604
3 1604 1605 1659
3 1659 1605 1660
3 1730 1660 1732
3 1780 1782 1822
3 1845 1846 1876
3 1845 1876 1875
3 1875 1903 1874
3 1874 1903 1902
3 1550 1511 1552
3 1552 1556 1605
3 1605 1607 1661
3 1661 1664 1733
3 1733 1781 1780
3 1780 1781 1783
3 1780 1783 1782
3 1821 1822 1847
3 1821 1847 1846
3 1876 1904 1875
3 1875 1904 1903
3 1553 1512 1557
3 1553 1557 1556
3 1556 1557 1605
3 1605 1557 1608
3 1605 1608 1607
3 1607 1608 1661
3 1661 1608 1665
3 1661 1665 1664
3 1664 1665 1733
3 1733 1737 1783
3 1822 1783 1823
3 1876 1877 1904
3 1388 1472 1429
3 1429 1472 1471
3 1471 1475 1512
3 1512 1513 1557
3 1608 1611 1665
3 1734 1665 1738
3 1783 1738 1784
3 1877 1848 1878
3 1429 1431 1476
3 1560 1561 1612
3 1666 1612 1668
3 1738 1668 1739
3 1309 1389 1346
3 1346 1389 1388
3 1431 1433 1478
3 1478 1480 1516
3 1516 1518 1561
3 1561 1613 1612
3 1612 1613 1615
3 1612 1615 1668
3 1225 1269 1309
3 1346 1309 1348
3 1392 1348 1394
3 1434 1394 1436
3 1481 1436 1483
3 1519 1483 1520
3 1519 1520 1566
3 1519 1566 1565
3 1669 1741 1740
3 1740 1741 1786
3 1786 1741 1787
3 1786 1787 1826
3 1786 1826 1825
3 1225 1270 1269
3 1269 1270 1273
3 1269 1273 1311
3 1348 1311 1350
3 1394 1350 1396
3 1436 1439 1483
3 1483 1439 1484
3 1520 1484 1522
3 1145 1185 1225
3 1225 1185 1227
3 1274 1227 1276
3 1274 1276 1312
3 1312 1314 1353
3 1397 1353 1399
3 1439 1399 1440
3 1439 1440 1487
3 1439 1487 1486
3 1486 1487 1523
3 1486 1523 1522
3 1522 1523 1566
3 1566 1523 1567
3 1076 1109 1146
3 1146 1109 1149
3 1146 1149 1148
3 1148 1149 1187
3 1187 1149 1189
3 1187 1189 1229
3 1229 1189 1230
3 1229 1230 1233
3 1229 1233 1278
3 1278 1233 1279
3 1278 1279 1314
3 1314 1279 1316
3 1314 1316 1356
3 1400 1356 1403
3 1400 1403 1442
3 1523 1487 1524
3 1523 1524 1568
3 845 1035 992
3 992 1035 1076
3 1076 1035 1078
3 1110 1111 1151
3 1189 1151 1191
3 1233 1191 1235
3 1233 1235 1282
3 1282 1235 1283
3 1282 1283 1317
3 1317 1319 1359
3 1488 1489 1524
3 1524 1489 1525
3 1524 1525 1568
3 716 774 845
3 845 774 806
3 806 774 808
3 847 808 849
3 847 849 890
3 890 892 927
3 961 927 962
3 961 962 1003
3 1003 962 1004
3 1003 1004 1048
3 1048 1004 1051
3 1048 1051 1089
3 1198 1160 1199
3 1198 1199 1242
3 1288 1321 1287
3 1287 1321 1286
3 1240 1286 1239
3 1239 1286 1285
3 1239 1285 1236
3 1236 1285 1283
3 1236 1283 1235
3 643 676 716
3 716 676 719
3 716 719 718
3 718 719 749
3 749 719 750
3 749 750 777
3 777 750 778
3 777 778 779
3 777 779 813
3 852 813 854
3 895 854 896
3 895 896 930
3 930 896 933
3 1052 1091 1090
3 1090 1091 1120
3 1162 1120 1200
3 1162 1200 1161
3 1161 1200 1199
3 1161 1199 1160
3 506 603 643
3 643 603 644
3 643 644 678
3 678 680 721
3 750 721 751
3 779 751 780
3 779 780 815
3 815 780 816
3 855 816 858
3 855 858 899
3 966 933 967
3 1053 1008 968
3 1053 968 1120
3 407 456 506
3 506 508 557
3 606 557 608
3 646 608 647
3 646 647 682
3 753 726 754
3 753 754 781
3 781 754 783
3 900 859 901
3 900 901 935
3 968 1009 967
3 967 1009 1008
3 456 458 508
3 557 508 560
3 608 560 610
3 608 610 647
3 647 648 685
3 685 648 686
3 685 686 727
3 727 730 755
3 819 783 820
3 819 820 860
3 901 968 935
3 302 303 305
3 305 303 306
3 305 306 361
3 361 306 364
3 364 306 309
3 364 309 366
3 366 309 311
3 366 311 312
3 366 312 369
3 369 312 315
3 422 370 374
3 422 374 375
3 422 375 423
3 423 375 424
3 423 424 475
3 475 424 425
3 425 424 376
3 425 376 377
3 377 322 323
3 323 322 264
3 206 205 200
3 206 200 141
3 91 90 84
3 40 39 34
3 35 34 29
3 71 72 76
3 76 72 77
3 76 77 127
3 76 127 81
3 81 127 131
3 81 131 137
3 137 131 138
3 137 138 147
3 147 138 203
3 147 203 202
3 202 203 211
3 211 203 271
3 211 271 270
3 269 270 328
3 269 328 327
3 327 328 379
3 327 379 378
3 429 383 430
3 430 383 418
3 430 418 419
3 420 414 465
3 465 414 415
3 465 415 466
3 466 415 462
3 513 462 460
3 513 460 509
3 509 460 510
3 510 507 556
3 556 507 604
3 302 242 303
3 303 242 306
3 306 242 245
3 306 245 309
3 309 245 249
3 309 249 250
3 309 250 311
3 311 250 253
3 311 253 312
3 312 253 315
3 315 253 316
3 315 316 369
3 369 316 370
3 370 316 374
3 374 316 320
3 374 320 321
3 374 321 375
3 375 376 424
3 242 182 245
3 245 182 186
3 245 186 246
3 245 246 249
3 249 246 250
3 316 253 258
3 320 316 321
3 375 321 376
3 376 321 322
3 182 242 183
3 123 183 124
3 194 133 134
3 194 134 199
3 199 200 264
3 264 200 205
3 124 69 126
3 126 69 73
3 126 73 129
3 129 130 133
3 133 130 134
3 199 134 139
3 73 69 74
3 73 74 129
3 129 74 78
3 129 78 130
3 130 78 134
3 199 139 140
3 199 140 200
3 69 70 74
3 134 78 82
3 134 82 135
3 134 135 139
3 139 135 140
3 70 24 25
3 25 26 2
3 25 2 30
3 30 2 31
3 30 31 36
3 36 31 37
3 36 37 79
3 79 37 82
3 82 37 41
3 82 41 83
3 82 83 89
3 89 83 90
3 89 90 141
3 72 125 77
3 77 125 128
3 77 128 127
3 127 128 131
3 131 128 132
3 131 132 138
3 138 132 195
3 138 195 203
3 203 195 204
3 203 204 260
3 203 260 271
3 270 271 329
3 270 329 328
3 132 128 191
3 132 191 195
3 195 191 196
3 195 196 204
3 204 196 261
3 204 261 260
3 271 260 272
3 271 272 330
3 271 330 329
3 328 329 380
3 328 380 379
3 125 184 128
3 128 184 187
3 128 187 191
3 191 187 192
3 191 192 196
3 196 192 197
3 196 197 255
3 196 255 261
3 260 261 317
3 260 317 272
3 272 317 330
3 329 330 381
3 329 381 380
3 243 185 244
3 243 244 247
3 247 244 248
3 247 248 252
3 257 252 313
3 257 313 256
3 256 313 318
3 318 313 319
3 318 371 382
3 382 371 383
3 185 304 244
3 248 307 252
3 252 307 310
3 252 310 313
3 313 310 314
3 319 313 372
3 319 372 318
3 318 372 371
3 371 372 383
3 244 304 248
3 457 408 359
3 359 362 308
3 307 308 310
3 408 457 410
3 362 410 412
3 362 412 365
3 365 368 314
3 314 368 367
3 314 367 313
3 313 367 372
3 556 604 607
3 556 607 559
3 609 613 612
3 617 616 569
3 569 616 625
3 569 625 579
3 579 578 530
3 530 578 529
3 529 578 577
3 529 577 528
3 527 575 526
3 618 650 617
3 616 617 625
3 625 624 579
3 528 577 576
3 528 576 527
3 527 576 575
3 617 650 659
3 617 659 625
3 579 624 578
3 659 658 625
3 624 623 578
3 578 623 577
3 577 623 622
3 577 622 576
3 576 622 575
3 625 658 624
3 658 657 624
3 624 657 656
3 624 656 623
3 623 656 622
3 656 691 622
3 657 692 691
3 657 691 656
3 426 476 526
3 526 476 477
3 477 478 527
3 527 478 479
3 527 479 528
3 528 479 529
3 579 530 520
3 579 520 568
3 568 520 569
3 570 569 564
3 570 564 612
3 612 564 565
3 612 565 609
3 429 430 479
3 479 430 480
3 480 469 470
3 520 470 471
3 520 471 521
3 521 471 515
3 516 513 561
3 561 558 607
3 607 558 559
3 380 426 379
3 378 326 327
3 270 269 210
3 270 210 211
3 202 146 147
3 147 146 137
3 137 146 136
3 137 136 88
3 137 88 81
3 326 325 267
3 268 267 209
3 86 92 85
3 86 85 40
3 40 85 39
3 267 325 266
3 267 266 208
3 208 266 207
3 208 207 150
3 150 207 149
3 150 149 143
3 143 149 142
3 143 142 91
3 91 142 90
3 325 324 266
3 265 323 264
3 323 324 377
3 475 474 423
3 423 474 422
3 422 474 473
3 422 421 370
3 370 421 417
3 370 417 369
3 369 417 416
3 369 416 366
3 366 416 413
3 366 413 364
3 364 363 361
3 361 363 360
3 361 360 305
3 305 360 302
3 302 360 358
3 475 525 474
3 474 525 524
3 474 524 473
3 422 473 472
3 422 472 421
3 421 472 417
3 417 472 468
3 417 468 416
3 416 468 467
3 416 467 413
3 364 413 411
3 364 411 363
3 363 411 360
3 360 411 409
3 360 409 358
3 358 409 407
3 524 525 574
3 522 573 572
3 522 572 571
3 522 571 518
3 518 571 567
3 518 517 514
3 463 514 461
3 461 514 512
3 461 512 511
3 461 511 458
3 458 511 508
3 574 655 621
3 574 621 573
3 573 621 620
3 573 620 572
3 518 567 517
3 517 567 566
3 517 566 514
3 514 566 563
3 514 563 512
3 512 563 560
3 512 560 511
3 511 560 508
3 690 654 655
3 655 654 621
3 758 732 690
3 690 732 733
3 690 733 689
3 821 785 758
3 758 785 757
3 732 757 731
3 732 731 688
3 619 615 567
3 968 901 821
3 821 901 860
3 821 860 820
3 784 820 783
3 784 783 756
3 756 783 755
3 756 755 730
3 687 730 686
3 614 648 611
3 614 611 563
3 563 611 562
3 563 562 560
3 1199 1200 1242
3 1242 1200 1288
3 1288 1362 1321
3 1286 1321 1320
3 1286 1320 1319
3 1286 1319 1285
3 1285 1319 1283
3 1283 1319 1317
3 1321 1362 1361
3 1361 1362 1406
3 1406 1405 1360
3 1360 1405 1359
3 1359 1405 1404
3 1405 1406 1444
3 1444 1406 1489
3 1444 1489 1488
3 1444 1488 1443
3 1671 1618 1619
3 1619 1618 1568
3 1568 1618 1567
3 1568 1567 1523
3 1442 1440 1400
3 1356 1400 1355
3 1356 1355 1314
3 1278 1314 1276
3 1278 1276 1229
3 1229 1227 1187
3 1148 1187 1145
3 1148 1145 1146
3 1146 1145 1076
3 1671 1617 1618
3 1618 1617 1567
3 1567 1617 1566
3 1486 1484 1439
3 1399 1439 1397
3 1353 1351 1312
3 1227 1274 1225
3 1878 1848 1849
3 1849 1848 1823
3 1849 1823 1824
3 1668 1738 1665
3 1668 1665 1666
3 1666 1665 1611
3 1666 1611 1612
3 1612 1611 1559
3 1612 1559 1560
3 1560 1559 1516
3 1516 1559 1513
3 1516 1513 1514
3 1514 1513 1478
3 1478 1513 1475
3 1478 1475 1476
3 1476 1472 1429
3 1429 1472 1388
3 1873 1901 1900
3 1873 1900 1872
3 1872 1842 1843
3 1872 1843 1873
3 1842 1816 1817
3 1817 1811 1812
3 1817 1816 1810
3 1817 1810 1811
3 1811 1810 1775
3 1775 1769 1770
3 1770 1769 1726
3 1769 1725 1726
3 1726 1725 1720
3 1725 1719 1720
3 1775 1725 1769
3 1720 1719 1715
3 457 507 460
3 460 507 510
3 408 410 362
3 408 362 359
3 359 308 304
3 304 308 248
3 187 184 185
3 185 243 188
3 188 243 247
3 188 247 187
3 187 247 192
3 192 247 252
3 192 252 251
3 251 252 256
3 256 252 257
3 262 256 318
3 262 318 317
3 317 318 331
3 331 318 382
3 29 71 35
3 35 71 76
3 35 76 75
3 75 76 80
3 80 76 81
3 80 81 87
3 87 81 88
3 87 88 136
3 87 136 146
3 201 146 202
3 201 202 210
3 210 202 211
3 269 327 326
3 34 28 29
3 27 28 33
3 33 28 34
3 33 34 39
3 31 2 3
3 3 27 32
3 32 27 33
3 32 33 38
3 38 33 39
3 38 39 42
3 42 39 43
3 42 43 84
3 74 70 25
3 74 25 30
3 123 124 186
3 186 124 126
3 186 126 189
3 189 126 129
3 189 129 190
3 190 129 194
3 194 129 133
3 198 194 199
3 198 199 259
3 259 199 263
3 263 199 264
3 186 182 183
3 183 123 186
3 189 190 193
3 193 190 194
3 193 194 254
3 254 194 258
3 258 194 198
3 258 198 259
3 321 263 264
3 321 264 322
3 456 407 459
3 459 407 409
3 459 409 461
3 461 409 411
3 461 411 463
3 463 411 413
3 463 413 464
3 464 413 467
3 522 468 472
3 522 472 473
3 522 473 523
3 523 473 524
3 508 506 456
3 603 506 555
3 555 506 557
3 603 555 605
3 605 555 557
3 605 557 606
3 605 606 608
3 643 678 676
3 676 678 719
3 716 715 748
3 716 748 774
3 774 748 776
3 808 776 810
3 849 851 892
3 1004 963 1006
3 1118 1089 1119
3 716 718 715
3 715 718 749
3 715 749 748
3 748 749 776
3 808 774 776
3 845 806 844
3 845 844 885
3 885 844 887
3 923 887 924
3 923 924 959
3 959 961 1000
3 1000 961 1001
3 1000 1001 1044
3 1044 1001 1047
3 1044 1047 1085
3 1115 1085 1117
3 1115 1117 1159
3 1197 1159 1198
3 1197 1198 1240
3 1240 1198 1241
3 1240 1241 1287
3 806 808 847
3 806 847 844
3 844 847 887
3 845 885 922
3 845 922 955
3 955 922 957
3 995 957 997
3 995 997 1041
3 1041 1043 1083
3 1112 1083 1114
3 1112 1114 1155
3 1155 1114 1156
3 1155 1156 1195
3 1195 1156 1197
3 1195 1197 1240
3 885 887 923
3 885 923 922
3 922 923 957
3 845 955 993
3 845 993 1035
3 1035 993 1037
3 1078 1037 1080
3 1078 1080 1111
3 1111 1112 1153
3 1153 1112 1154
3 1153 1154 1191
3 1191 1154 1194
3 955 957 995
3 955 995 993
3 993 995 1037
3 1078 1035 1037
3 1076 1078 1110
3 1076 1110 1109
3 1109 1110 1149
3 1227 1185 1187
3 1187 1185 1145
3 1273 1270 1274
3 1274 1270 1225
3 1348 1309 1311
3 1311 1309 1269
3 1389 1309 1346
3 1389 1346 1392
3 1392 1346 1348
3 1388 1389 1391
3 1391 1389 1392
3 1431 1429 1388
3 1475 1471 1476
3 1476 1471 1472
3 1512 1511 1471
3 1552 1511 1512
3 1601 1550 1602
3 1599 1601 1656
3 1655 1654 1656
3 1717 1653 1655
3 1716 1652 1653
3 1710 1715 1714
3 556 559 510
3 509 510 513
3 462 513 466
3 465 471 420
3 420 471 470
3 420 470 419
3 419 470 469
3 419 469 430
3 383 429 428
3 383 428 382
3 382 428 381
3 381 428 427
3 381 427 380
3 380 427 426
3 510 559 558
3 457 460 410
3 365 412 368
3 367 373 372
3 307 248 308
3 188 187 185
3 34 35 40
3 32 31 3
3 459 458 456
3 603 605 644
3 678 644 680
3 721 680 723
3 721 723 751
3 751 723 752
3 751 752 753
3 751 753 780
3 816 818 858
3 899 900 933
3 933 900 934
3 933 934 967
3 847 888 887
3 995 1038 1037
3 1311 1273 1274
3 1388 1391 1431
3 1478 1433 1480
3 1480 1481 1516
3 1516 1481 1519
3 1516 1519 1518
3 1518 1519 1562
3 1518 1562 1561
3 1561 1562 1613
3 1613 1562 1616
3 1613 1616 1615
3 1615 1616 1668
3 1668 1616 1669
3 1431 1391 1392
3 1553 1552 1512
3 1601 1657 1656
3 513 510 561
3 561 510 558
3 410 460 462
3 362 365 308
3 308 365 310
3 35 75 80
3 86 87 145
3 145 87 146
3 145 146 201
3 145 201 210
3 268 210 269
3 268 269 326
3 37 31 32
3 37 32 38
3 78 74 30
3 78 30 36
3 250 246 186
3 250 186 189
3 461 458 459
3 608 557 560
3 644 605 645
3 645 605 608
3 645 608 646
3 678 721 719
3 719 721 750
3 749 777 776
3 776 777 810
3 849 808 810
3 847 890 888
3 888 890 887
3 887 890 924
3 923 959 957
3 957 959 997
3 995 1041 1038
3 1038 1041 1037
3 1037 1041 1080
3 1111 1110 1078
3 1110 1151 1149
3 1149 1151 1189
3 1276 1227 1229
3 1350 1311 1312
3 1312 1311 1274
3 1394 1348 1350
3 1431 1392 1434
3 1434 1392 1394
3 1478 1476 1431
3 1513 1512 1475
3 1556 1552 1553
3 1605 1602 1552
3 1604 1601 1602
3 1601 1659 1657
3 1657 1659 1658
3 1657 1658 1656
3 1722 1655 1656
3 1722 1717 1655
3 1721 1716 1717
3 1719 1714 1715
3 607 609 561
3 561 564 516
3 516 564 515
3 515 564 521
3 520 519 470
3 470 519 530
3 470 530 480
3 429 479 478
3 429 478 477
3 429 477 428
3 428 477 476
3 428 476 427
3 427 476 426
3 410 462 412
3 412 415 368
3 368 415 414
3 368 414 367
3 367 414 373
3 35 80 40
3 78 36 79
3 644 645 680
3 680 682 723
3 723 682 724
3 723 724 752
3 752 724 753
3 816 780 818
3 818 819 858
3 858 819 859
3 858 859 899
3 899 859 900
3 967 934 968
3 680 645 646
3 890 925 924
3 924 925 959
3 1041 1081 1080
3 1080 1081 1111
3 1351 1350 1312
3 1431 1434 1433
3 1433 1434 1481
3 1433 1481 1480
3 1562 1565 1616
3 1668 1669 1740
3 1668 1740 1739
3 1739 1740 1785
3 1785 1740 1786
3 1785 1786 1825
3 1722 1658 1723
3 561 609 565
3 561 565 564
3 564 569 521
3 521 569 520
3 519 520 530
3 480 530 529
3 480 529 479
3 466 513 516
3 415 412 462
3 314 310 365
3 197 192 251
3 197 251 256
3 40 80 86
3 86 80 87
3 93 86 145
3 144 145 151
3 151 145 210
3 151 210 209
3 209 210 268
3 43 39 85
3 41 37 38
3 41 38 42
3 82 78 79
3 253 250 189
3 253 189 193
3 610 560 562
3 682 680 646
3 750 751 779
3 750 779 778
3 777 813 810
3 810 813 851
3 810 851 849
3 892 890 849
3 890 927 925
3 925 927 961
3 925 961 959
3 959 1000 997
3 997 1000 1043
3 997 1043 1041
3 1041 1083 1081
3 1081 1083 1112
3 1081 1112 1111
3 1191 1151 1153
3 1153 1151 1111
3 1189 1191 1233
3 1189 1233 1230
3 1314 1312 1276
3 1396 1350 1353
3 1353 1350 1351
3 1436 1394 1396
3 1481 1434 1436
3 1516 1514 1478
3 1559 1557 1513
3 1608 1557 1559
3 1660 1605 1661
3 1659 1660 1658
3 1658 1660 1729
3 1658 1729 1723
3 1728 1722 1729
3 1729 1722 1723
3 1727 1721 1722
3 465 466 515
3 515 466 516
3 255 197 256
3 208 151 209
3 208 209 267
3 83 41 42
3 83 42 84
3 253 193 254
3 514 463 464
3 647 610 611
3 611 610 562
3 813 852 851
3 851 852 892
3 1000 1044 1043
3 1436 1396 1397
3 1397 1396 1353
3 612 617 570
3 570 617 569
3 568 569 579
3 477 527 526
3 618 617 612
3 471 465 515
3 373 414 420
3 261 255 256
3 261 256 262
3 92 86 93
3 91 84 85
3 85 84 43
3 91 85 92
3 90 83 84
3 140 135 82
3 140 82 89
3 258 253 254
3 518 514 464
3 518 464 467
3 614 563 566
3 614 566 567
3 614 567 615
3 648 647 611
3 726 682 685
3 685 682 647
3 753 724 726
3 726 724 682
3 779 815 813
3 813 815 854
3 852 854 895
3 852 895 892
3 892 895 929
3 962 927 929
3 929 927 892
3 961 1003 1001
3 1001 1003 1047
3 1044 1085 1043
3 1043 1085 1083
3 1083 1085 1114
3 1112 1155 1154
3 1154 1155 1194
3 1235 1191 1194
3 1233 1282 1279
3 1279 1282 1316
3 1399 1353 1355
3 1355 1353 1314
3 1439 1436 1397
3 1519 1481 1483
3 1561 1560 1516
3 1611 1608 1559
3 1732 1660 1733
3 1733 1660 1661
3 1729 1731 1779
3 1777 1772 1778
3 372 373 419
3 419 373 420
3 261 262 317
3 144 92 93
3 144 93 145
3 91 92 144
3 140 89 141
3 648 614 649
3 648 649 686
3 686 649 688
3 686 688 687
3 687 688 730
3 730 688 731
3 730 731 756
3 820 784 821
3 727 726 685
3 815 816 855
3 815 855 854
3 1004 962 963
3 963 962 929
3 1085 1115 1114
3 1114 1115 1156
3 1236 1235 1194
3 1400 1399 1355
3 1770 1776 1775
3 1775 1776 1811
3 1811 1776 1812
3 418 372 419
3 143 91 144
3 141 90 142
3 200 140 141
3 316 258 259
3 518 467 468
3 754 726 727
3 780 753 781
3 855 896 854
3 895 930 929
3 1003 1048 1047
3 1047 1048 1086
3 1047 1086 1085
3 1155 1195 1194
3 1194 1195 1236
3 1282 1317 1316
3 1316 1317 1356
3 1440 1399 1400
3 1520 1483 1484
3 1733 1665 1734
3 1780 1732 1733
3 1779 1815 1814
3 1779 1814 1778
3 1813 1778 1814
3 430 469 480
3 383 372 418
3 330 317 331
3 150 143 144
3 150 144 151
3 141 142 148
3 148 142 149
3 148 149 206
3 206 149 207
3 321 316 259
3 321 259 263
3 522 518 468
3 619 567 571
3 614 615 649
3 649 615 652
3 649 652 688
3 756 757 784
3 784 757 785
3 784 785 821
3 652 615 619
3 730 727 686
3 783 754 755
3 755 754 727
3 818 780 783
3 783 780 781
3 855 899 896
3 896 899 933
3 930 933 929
3 929 933 965
3 929 965 963
3 963 965 1006
3 1051 1004 1006
3 1048 1089 1086
3 1086 1089 1085
3 1085 1089 1117
3 1115 1159 1156
3 1156 1159 1197
3 1239 1236 1240
3 1240 1236 1195
3 1317 1359 1356
3 1356 1359 1403
3 1487 1440 1442
3 1522 1484 1486
3 1566 1520 1522
3 1565 1562 1519
3 1737 1733 1738
3 1738 1733 1734
3 1783 1781 1733
3 1821 1779 1822
3 1822 1779 1780
3 1779 1821 1815
3 1815 1821 1814
3 1814 1821 1820
3 1819 1813 1814
3 141 148 206
3 205 206 264
3 619 571 572
3 619 572 620
3 819 818 783
3 933 966 965
3 965 966 1006
3 1089 1118 1117
3 1117 1118 1159
3 1319 1320 1360
3 1360 1320 1321
3 1360 1321 1361
3 1359 1404 1403
3 1783 1737 1738
3 1812 1818 1817
3 1817 1818 1842
3 1842 1818 1843
3 1819 1820 1845
3 1822 1782 1783
3 1616 1565 1566
3 1442 1403 1404
3 1442 1404 1443
3 1359 1319 1360
3 1406 1360 1361
3 1159 1118 1160
3 1051 1006 1052
3 1052 1006 1007
3 1006 966 1007
3 652 619 620
3 652 620 653
3 522 523 573
3 573 523 524
3 573 524 574
3 376 322 377
3 265 206 207
3 265 207 266
3 150 151 208
3 267 268 326
3 330 331 382
3 330 382 381
3 206 265 264
3 688 652 689
3 688 689 732
3 757 732 758
3 1052 1007 1053
3 1052 1053 1091
3 1051 1052 1089
3 1089 1052 1090
3 1089 1090 1119
3 1161 1119 1162
3 1159 1160 1198
3 1287 1241 1288
3 1487 1442 1488
3 1487 1488 1524
3 1617 1616 1566
3 1845 1821 1846
3 1819 1845 1844
3 265 266 324
3 689 652 653
3 860 859 819
3 1007 966 967
3 1160 1118 1119
3 1287 1286 1240
3 1443 1404 1405
3 1443 1405 1444
3 1488 1442 1443
3 1669 1616 1670
3 1670 1616 1617
3 1784 1738 1785
3 1785 1738 1739
3 1823 1783 1824
3 1824 1783 1784
3 1844 1845 1874
3 653 620 654
3 653 654 689
3 689 654 690
3 654 620 621
3 757 756 731
3 901 859 860
3 934 900 935
3 1053 1007 1008
3 1008 1007 967
3 1161 1160 1119
3 1241 1198 1242
3 1741 1669 1670
3 1824 1784 1785
3 1847 1822 1848
3 1848 1822 1823
3 323 265 324
3 733 732 689
3 968 934 935
3 1162 1119 1120
3 1120 1119 1090
3 1288 1241 1242
3 1741 1670 1671
3 1671 1670 1617
3 1849 1824 1825
3 1825 1824 1785
3 1877 1847 1848
3 1876 1846 1877
3 1877 1846 1847
3 968 1008 1009
3 1120 1091 1053
3 2140 2139 2145
3 2145 2139 2144
3 2145 2144 2148
3 2145 2148 2149
3 2149 2148 2146
3 2149 2146 2122
3 2122 2146 2120
3 2122 2120 2121
3 2121 2120 2123
3 2121 2123 2124
3 2124 2123 2100
3 2100 2123 2099
3 2100 2099 2101
3 2100 2101 2102
3 2102 2101 2090
3 2090 2101 2089
3 2090 2089 2071
3 2090 2071 2073
3 2073 2071 2072
3 2072 2071 2056
3 2056 2071 2055
3 2146 2148 2147
3 2146 2147 2141
3 691 734 622
3 622 734 786
3 622 786 575
3 575 786 822
3 575 822 861
3 575 861 526
3 526 861 936
3 526 936 690
3 690 936 969
3 690 969 758
3 758 969 1054
3 758 1054 1092
3 758 1092 821
3 821 1092 1121
3 821 1121 1201
3 1201 1243 821
3 821 1243 968
3 968 1243 1289
3 968 1289 1322
3 1322 1407 968
3 968 1407 1445
3 968 1445 1120
3 1120 1445 1490
3 1120 1490 1200
3 1200 1490 1569
3 1200 1569 1288
3 1288 1569 1362
3 1362 1569 1788
3 1362 1788 1406
3 1406 1788 1827
3 1406 1827 1489
3 1489 1827 1879
3 1489 1879 1525
3 1525 1879 1568
3 1568 1879 1925
3 1568 1925 1619
3 1619 1925 1671
3 1671 1925 1983
3 1671 1983 1741
3 1741 1983 1787
3 1787 1983 2010
3 1787 2010 1826
3 1826 2010 1825
3 1825 2010 2056
3 1825 2056 1849
3 1849 2056 1878
3 1878 2056 1877
3 1877 2056 2055
3 1877 2055 1904
3 1904 2055 1968
3 1904 1968 1903
3 1903 1968 1902
3 1902 1968 1945
3 1902 1945 1901
3 1901 1945 1924
3 1901 1924 1900
3 690 655 526
3 526 655 426
3 426 655 574
3 426 574 379
3 379 574 525
3 379 525 475
3 379 475 378
3 378 475 425
3 378 425 326
3 326 425 377
3 326 377 325
3 325 377 324
3 2135 2134 2140
3 2140 2134 2139
3 2055 2071 2089
3 2055 2089 2101
3 2101 2099 2055
3 2055 2099 1960
3 2055 1960 1968
3 2099 2123 1960
3 1960 2123 2120
3 1960 2120 2146
3 1960 2146 2114
3 2114 2146 2141
3 2114 2141 2137
3 1887 1880 1862
3 1862 1880 1851
3 1862 1851 1872
3 1872 1851 1842
3 1842 1851 1829
3 1842 1829 1816
3 1816 1829 1789
3 1816 1789 1802
3 1750 1775 1802
3 1802 1775 1810
3 1802 1810 1816
3 1775 1750 1725
3 1725 1750 1685
3 1862 1872 1867
3 1867 1872 1900
3 1867 1900 1898
3 1725 1685 1719
3 1719 1685 1691
3 1697 1702 1691
3 1691 1702 1709
3 1691 1709 1719
3 1719 1709 1714
3 1968 1960 1939
3 1968 1939 1945
3 1945 1939 1920
3 1945 1920 1924
3 1924 1920 1898
3 1924 1898 1900
3 1915 1887 1958
3 2109 2108 1956
3 1956 2108 1958
3 2108 2111 1958
3 1958 1887 1956
3 2112 1956 2115
3 2115 1956 1962
3 2115 1962 2118
3 1956 2112 2109
3 2114 2117 1960
3 1960 2117 1962
3 1960 1962 1898
3 1960 1898 1939
3 2117 2118 1962
3 1898 1920 1939
3 1898 1892 1867
3 1867 1892 1862
3 1862 1892 1887
3 1962 1918 1898
3 1956 1938 1962
3 1887 1916 1956
3 1956 1916 1917
3 1892 1916 1887
3 1956 1917 1938
3 1962 1938 1919
3 1919 1918 1962
3 1918 1892 1898
3 1866 1707 1865
3 1895 1648 1866
3 1866 1648 1707
3 1648 1895 1649
3 1649 1895 1896
3 1649 1896 1650
3 1650 1896 1598
3 1598 1896 1897
3 1598 1897 1894
3 1598 1894 1597
3 1597 1894 1891
3 1597 1891 1596
3 1596 1891 1595
3 1595 1891 1890
3 1595 1890 1647
3 1647 1890 1646
3 1646 1890 1889
3 1646 1889 1645
3 1645 1889 1864
3 1645 1864 1707
3 1707 1864 1865
3 1892 1865 1864
3 1892 1864 1889
3 1890 1891 1893
3 1893 1891 1894
3 1893 1894 1897
3 1893 1897 1896
3 1895 1866 1892
3 1892 1866 1865
3 1895 1892 1918
3 1895 1918 1896
3 1896 1918 1919
3 1896 1919 1938
3 1896 1938 1893
3 1893 1938 1890
3 1890 1938 1917
3 1890 1917 1916
3 1890 1916 1889
3 1889 1916 1892
3 2117 2114 2138
3 2138 2114 2137
3 2138 2137 2142
3 2144 2143 2148
3 2147 2148 2143
3 2147 2143 2142
3 2141 2142 2137
3 2142 2141 2147
3 2142 2143 2138
3 2143 2144 2118
3 2143 2118 2117
3 2143 2117 2138
3 2118 2144 2115
3 2115 2144 2139
3 2112 2115 2136
3 2136 2115 2139
3 2139 2134 2136
3 2136 2134 2112
3 2111 2108 2133
3 2133 2108 2130
3 2130 2108 2109
3 2130 2109 2131
3 2133 2130 2129
3 2129 2130 2126
3 2126 2130 2127
3 2131 2127 2130
3 2112 2134 2131
3 2112 2131 2109
